ls_code	ls_code_raw	ls_code_base	book_no	volume	title	status	status_gloss	vedic_marked	shares_book_with_previous	citation_count	citation_count_safe	citation_count_provenance	citation_count_full	total_pages	volunteer	started	finished	issue_repo	issue_no	issue_url	index_posted	scan_dir	scan_dir_canonical	scan_spelling_ok	scan_url	scan_pages_url	scan_repo_exists	scan_repo_size_kb	scan_repo_pushed_at	scan_audit_note	public_link	in_pwgbib	dict_citations	dict_citations_key	count_ratio	edition_qualified	ru_subset_refs	ru_subset_scan	ru_match_key	resolver_repos	scan_wired	sheet_row_no
Spr. vol.1 (1st ed.)	Spr. vol.1 (1st ed.)	Spr. vol.1	4a		Indische Sprüche V.1	done	index built, reviewed, and posted			10494	10494	exact	12850	345	@Azanuka2412	2025-01-30	2025-02-01	PWG	87	https://github.com/sanskrit-lexicon/PWG/issues/87	2025-02-01	boesp1	boesp1	yes	https://github.com/sanskrit-lexicon-scans/boesp1	https://sanskrit-lexicon-scans.github.io/boesp1/	true	339162	2025-07-09	Exact name match, public, Pages live (200). No description.		Spr.				yes					yes	
Spr. vol.2 (1st ed.)	Spr. vol.2 (1st ed.)	Spr. vol.2	4b		Indische Sprüche V.2	done	index built, reviewed, and posted					inherited-family	12850	377	@sofia28000	2025-01-30	2025-02-07	PWG	87	https://github.com/sanskrit-lexicon/PWG/issues/87	2025-02-07	boesp1	boesp1	yes	https://github.com/sanskrit-lexicon-scans/boesp1	https://sanskrit-lexicon-scans.github.io/boesp1/	true	339162	2025-07-09	Exact name match, public, Pages live (200). No description.		Spr.				yes					yes	
Spr. vol.3 (1st ed.)	Spr. vol.3 (1st ed.)	Spr. vol.3	4c		Indische Sprüche V.3	done	index built, reviewed, and posted					inherited-family	12850	420	@angalinde	2025-01-30	2025-01-31	PWG	87	https://github.com/sanskrit-lexicon/PWG/issues/87	2025-02-01	boesp1	boesp1	yes	https://github.com/sanskrit-lexicon-scans/boesp1	https://sanskrit-lexicon-scans.github.io/boesp1/	true	339162	2025-07-09	Exact name match, public, Pages live (200). No description.		Spr.				yes					yes	
YĀJÑ.	YĀJÑ.	YĀJÑ.	6		YĀJÑAVALKYA'S Gesetzbuch	done	index built, reviewed, and posted			3794	3794	exact	4038	316	@OFar0101	2025-02-10	2025-02-13	PWG	98	https://github.com/sanskrit-lexicon/PWG/issues/98	2025-02-13	yajnavalkya	yajnavalkya	yes	https://github.com/sanskrit-lexicon-scans/yajnavalkya	https://sanskrit-lexicon-scans.github.io/yajnavalkya/	true	15384	2025-07-12	Exact match. Smallest of the 37 at ~15 MB.		YĀJÑ.					240	239	YĀJÑ.	yajnavalkya	yes	
RAGH.	RAGH.	RAGH.	1a		RAGHUVAM̃SA 1832 Stenzler ed.	done	index built, reviewed, and posted			8752	8752	exact	9742	385	@grigoriyt1	2025-01-29	2025-01-30	PWG	100	https://github.com/sanskrit-lexicon/PWG/issues/100	2025-02-21	raghuvamsa	raghuvamsa	yes	https://github.com/sanskrit-lexicon-scans/raghuvamsa	https://sanskrit-lexicon-scans.github.io/raghuvamsa/	true	93981	2025-03-23	Exact match. Distinct from sibling repo raghuvamsacalc, which is also in the tracker.		RAGH.	4194	RAGH.	2.09		566	566	RAGH.	raghuvamsa	yes	
SĀH. D.	SĀH. D.	SĀH. D.	5		SĀHITYADARPAṆA	done	index built, reviewed, and posted			3860	3860	exact	4630	497	@Azanuka2412	2025-02-12	2025-02-23	PWG	101	https://github.com/sanskrit-lexicon/PWG/issues/101	2025-02-23	sahityadarpana	sahityadarpana	yes	https://github.com/sanskrit-lexicon-scans/sahityadarpana	https://sanskrit-lexicon-scans.github.io/sahityadarpana/	true	187938	2025-10-23	Exact match. Org also has a separate sahityadarpana_mw repo not in the tracker list.		SĀH. D.	2246	SĀH. D.	1.72		106	106	SĀH. D.	sahityadarpana	yes	
N.	N.	N.	9		NALOPĀKHYĀNA in B. Ch.	done	index built, reviewed, and posted			3446	3446	exact	2819	459	@angalinde	2025-02-10	2025-02-10	PWG	93	https://github.com/sanskrit-lexicon/PWG/issues/93	2025-02-10	bchrest1	bchrest1	yes	https://github.com/sanskrit-lexicon-scans/bchrest1	https://sanskrit-lexicon-scans.github.io/bchrest1/	true	21479	2025-07-09	Exact match. Sibling bchrest2 exists in the org but is not in the tracker list.		N.	1191	N.	2.89		193	193	N.	bchrest1	yes	
VID.	VID.	VID.	10		(Same book as 9 above) Geschichte des VIDŪṢAKA in B. Ch.	done	index built, reviewed, and posted		yes	1127	1127	exact	1395		@angalinde	2025-02-12	2025-02-12	PWG	97	https://github.com/sanskrit-lexicon/PWG/issues/97	2025-02-12	bchrest1	bchrest1	yes	https://github.com/sanskrit-lexicon-scans/bchrest1	https://sanskrit-lexicon-scans.github.io/bchrest1/	true	21479	2025-07-09	Exact match. Sibling bchrest2 exists in the org but is not in the tracker list.		VID.	490	VID.	2.3		164	164	VID.	bchrest1	yes	
DAŚ.	DAŚ.	DAŚ.	11		(Same book as 9 above) DAŚARATHA'S Tod in B. Ch.	done	index built, reviewed, and posted		yes	413	413	exact	453		@angalinde	2025-02-12	2025-02-12	PWG	96	https://github.com/sanskrit-lexicon/PWG/issues/96	2025-02-12	bchrest1	bchrest1	yes	https://github.com/sanskrit-lexicon-scans/bchrest1	https://sanskrit-lexicon-scans.github.io/bchrest1/	true	21479	2025-07-09	Exact match. Sibling bchrest2 exists in the org but is not in the tracker list.		DAŚ.	191	DAŚ.	2.16		37	37	DAŚ.	bchrest1	yes	
VIŚV.	VIŚV.	VIŚV.	12		(Same book as 9 above) VIŚVĀMITRA'S Kampf in B. Ch.	done	index built, reviewed, and posted		yes	370	370	exact	402		@angalinde	2025-02-12	2025-02-12	PWG	95	https://github.com/sanskrit-lexicon/PWG/issues/95	2025-02-12	bchrest1	bchrest1	yes	https://github.com/sanskrit-lexicon-scans/bchrest1	https://sanskrit-lexicon-scans.github.io/bchrest1/	true	21479	2025-07-09	Exact match. Sibling bchrest2 exists in the org but is not in the tracker list.		VIŚV.	145	VIŚV.	2.55		12	12	VIŚV.	bchrest1	yes	
VOP.	VOP.	VOP.	28		VOPADEVA'S Grammatik, Bohtlingk	done	index built, reviewed, and posted			5149	5149	exact	5951	489	@angalinde	2025-02-27	2025-02-28	PWG	110	https://github.com/sanskrit-lexicon/PWG/issues/110	2025-02-28	mugdhabodha	mugdhabodha	yes	https://github.com/sanskrit-lexicon-scans/mugdhabodha	https://sanskrit-lexicon-scans.github.io/mugdhabodha/	true	230318	2025-03-04	Exact match. Oldest push of the 37 (Mar 2025).		VOP.	1441	VOP.	3.57		280	276	VOP.	mugdhabodha	yes	
H.	H.	H.	13		HEMACANDRA'S ABHIDHĀNACINTĀMAṆI : Bohtlingk	done	index built, reviewed, and posted			16148	16148	exact	16681	465	@IrinaKonstant (@195629012025)	2025-02-13	2025-02-25	PWG	104	https://github.com/sanskrit-lexicon/PWG/issues/104	2025-02-26	abch2	abch2	yes	https://github.com/sanskrit-lexicon-scans/abch2	https://sanskrit-lexicon-scans.github.io/abch2/	true	249102	2025-03-08	Exact match. Described as Abhidhanacintamani + Abhidhanacintamanipariśiṣṭa, Bohtlingk 1847 edition. Sibling abch (v1) exists but is not tracked.		H.	6278	H.	2.57		130	129	H.	abch2	yes	
H. ś.	H. ś.	H. ś.	14		(Same book as 13 above) die Śeṣa zu HEMACANDRA'S ABHIDHĀNACINTĀMAṆI	done	index built, reviewed, and posted		yes	1301	1301	exact	1320		@IrinaKonstant (@195629012025)	2025-02-25	2025-02-26	PWG	104	https://github.com/sanskrit-lexicon/PWG/issues/104	2025-02-27	abch2	abch2	yes	https://github.com/sanskrit-lexicon-scans/abch2	https://sanskrit-lexicon-scans.github.io/abch2/	true	249102	2025-03-08	Exact match. Described as Abhidhanacintamani + Abhidhanacintamanipariśiṣṭa, Bohtlingk 1847 edition. Sibling abch (v1) exists but is not tracked.		H. Ś.	976	H. ś.	1.33		3	3	H. ś.	abch2	yes	
MED.	MED.	MED.	16		MEDINĪKOṢA 1807 Calc. ed.	done	index built, reviewed, and posted			12990	12990	exact	13177	601	@OFar0101	2025-02-17	2025-02-26	PWG	105	https://github.com/sanskrit-lexicon/PWG/issues/105	2025-02-26	medini	medini	yes	https://github.com/sanskrit-lexicon-scans/medini	https://sanskrit-lexicon-scans.github.io/medini/	true	281809	2025-03-09	Exact match. Described as Medinikośa, Trikandaśeṣa and Haravali; also carries Amarakośa for possible future use.		MED.	30	MED.	433.0		1	0	MED.		yes	
TRIK.	TRIK.	TRIK.	17		(Same book as 16 above) TRIKĀṆḌAŚEṢA 1807 ed. Calc.	done	index built, reviewed, and posted		yes	8426	8426	exact	8866		@OFar0101	2025-02-17	2025-02-27	PWG	105	https://github.com/sanskrit-lexicon/PWG/issues/105	2025-02-27	medini	medini	yes	https://github.com/sanskrit-lexicon-scans/medini	https://sanskrit-lexicon-scans.github.io/medini/	true	281809	2025-03-09	Exact match. Described as Medinikośa, Trikandaśeṣa and Haravali; also carries Amarakośa for possible future use.		TRIK.	4886	TRIK.	1.72		66	65	TRIK.	medini	yes	
HĀR.	HĀR.	HĀR.	18		(Same book as 16 above) HĀRĀVALĪ 1807 Calc. ed.	done	index built, reviewed, and posted		yes	1865	1865	exact	1874		@OFar0101	2025-02-17	2025-02-26	PWG	105	https://github.com/sanskrit-lexicon/PWG/issues/105	2025-02-26	medini	medini	yes	https://github.com/sanskrit-lexicon-scans/medini	https://sanskrit-lexicon-scans.github.io/medini/	true	281809	2025-03-09	Exact match. Described as Medinikośa, Trikandaśeṣa and Haravali; also carries Amarakośa for possible future use.		HĀR.	911	HĀR.	2.05		4	4	HĀR.	medini	yes	
HALĀY.	HALĀY.	HALĀY.	27		HALĀYUDHA	done	index built, reviewed, and posted			5159	5159	exact	5475	417	@angalinde	2025-03-03	2025-03-09	PWG	121	https://github.com/sanskrit-lexicon/PWG/issues/121	2025-03-09	armh2	armh2	yes	https://github.com/sanskrit-lexicon-scans/armh2	https://sanskrit-lexicon-scans.github.io/armh2/	true	190070	2025-03-10	Exact match. Described as Abhidhanaratnamala of Halayudha, link target for PWG/PW. Sibling armh (v1) exists but is not tracked.		HALĀY.	1209	HALĀY.	4.27		29	26	HALĀY.	armh2	yes	
VARĀH. BṚH. S.	VARĀH. BṚH. S.	VARĀH. BṚH. S.	2		BRIHATSAMHITA	done	index built, reviewed, and posted			9174	9174	exact	14312	673	@OFar0101	2025-01-29	2025-02-07	PWG	92	https://github.com/sanskrit-lexicon/PWG/issues/92	2025-02-13	brihatsam	brihatsam	yes	https://github.com/sanskrit-lexicon-scans/brihatsam	https://sanskrit-lexicon-scans.github.io/brihatsam/	true	270362	2025-08-31	Exact match, public, Pages enabled.		VARĀH. BṚH. S.	4384	VARĀH. BṚH. S.	2.09		537	516	VARĀH. BṚH. S.	brihatsam	yes	
MĀRK. P.	MĀRK. P.	MĀRK. P.	25		MĀRKĀṆḌEYAPURĀṆA	done	index built, reviewed, and posted			5436	5436	exact	6487	693	@OFar0101	2025-02-27	2025-03-10	PWG	122	https://github.com/sanskrit-lexicon/PWG/issues/122	2025-03-10	markandeyapurana	markandeyapurana	yes	https://github.com/sanskrit-lexicon-scans/markandeyapurana	https://sanskrit-lexicon-scans.github.io/markandeyapurana/	true	34412	2025-07-11	Exact match. One of the smaller repos (~34 MB).		MĀRK. P.	2389	MĀRK. P.	2.28		355	355	MĀRK. P.	markandeyapurana	yes	
H. an.	H. an.	H. an.	15a		HEMACANDRA'S ANEKĀRTHASAM̃GRAHA 1807 Calc. ed.	done	index built, reviewed, and posted			9781	9781	exact	11856	377	@IrinaKonstant	2025-03-04	2025-03-09	PWG	123	https://github.com/sanskrit-lexicon/PWG/issues/123	2025-03-10	anekarthasamgraha	anekarthasamgraha	yes	https://github.com/sanskrit-lexicon-scans/anekarthasamgraha	https://sanskrit-lexicon-scans.github.io/anekarthasamgraha/	true	226104	2025-07-24	Exact match, public, Pages enabled.		H. an.	1907	H. an.	5.13		38	37	H. an.	anekarthasamgraha	yes	
an.	an.	an.	15b		(Same book as 15a above) name in short-form	nr-alt-name	not required -- an alternate abbreviation of another row		yes	1797	1797	exact	1		@IrinaKonstant	2025-03-04	2025-03-09	PWG	123	https://github.com/sanskrit-lexicon/PWG/issues/123	2025-03-10	anekarthasamgraha	anekarthasamgraha	yes	https://github.com/sanskrit-lexicon-scans/anekarthasamgraha	https://sanskrit-lexicon-scans.github.io/anekarthasamgraha/	true	226104	2025-07-24	Exact match, public, Pages enabled.		an.	20	an.	89.85		10	10	an.	anekarthasamgraha	yes	
ŚĀK.	ŚĀK.	ŚĀK.	24		ŚĀKUNTALA Bohtlingk ed.	done	index built, reviewed, and posted			5500	5500	exact	6588	427	@grigoriyt1		2025-03-21	PWG	125	https://github.com/sanskrit-lexicon/PWG/issues/125	2025-03-21	shakuntala	shakuntala	yes	https://github.com/sanskrit-lexicon-scans/shakuntala	https://sanskrit-lexicon-scans.github.io/shakuntala/	true	204996	2025-07-12	Exact match, public, Pages enabled.		ŚĀK.	2679	ŚĀK.	2.05		440	439	ŚĀK.	shakuntala	yes	
BHAG.	BHAG.	BHAG.	30		BHAGAVADGĪTĀ 1823 Schlegel ed.	done	index built, reviewed, and posted			2275	2275	exact	2603	225	@IrinaKonstant	2025-03-21	2025-03-22	PWG	129	https://github.com/sanskrit-lexicon/PWG/issues/129	2025-03-22	bhagavadgita	bhagavadgita	yes	https://github.com/sanskrit-lexicon-scans/bhagavadgita	https://sanskrit-lexicon-scans.github.io/bhagavadgita/	true	138993	2025-07-09	Exact match. Distinct from gitagov (also tracked) and from bhagp_bom/bhagp_bur (untracked).		BHAG.	1372	BHAG.	1.66		205	204	BHAG.	bhagavadgita	yes	
R. (Bomb.)	R. (Bomb.) vol.1	R.	31a	1	RĀMĀYAṆA (Bomb. ed.) 1859 vol. i	done	index built, reviewed, and posted					inherited-family	39395	702	@IrinaKonstant	2025-03-24	2025-03-27	PWG	75	https://github.com/sanskrit-lexicon/PWG/issues/75	2025-03-27	ramayanabom	ramayanabom	yes	https://github.com/sanskrit-lexicon-scans/ramayanabom	https://sanskrit-lexicon-scans.github.io/ramayanabom/	true	935101	2025-04-04	Wired via 'R. ed. Bomb.' / bare 'R. 7,x,y'. The tracker's display label 'R. (Bomb.)' itself resolves to None -- a label mismatch, not a missing target.		R.				yes	2970	2969	R.	ramayanabom;ramayanagorr;ramayanaschl	yes	
R. (Bomb.)	R. (Bomb.) vol.2	R.	31b	2	RĀMĀYAṆA (Bomb. ed.) 1859 vol. ii	done	index built, reviewed, and posted					inherited-family	39395	751	@angalinde	2025-03-24	2025-03-29	PWG	75	https://github.com/sanskrit-lexicon/PWG/issues/75	2025-03-29	ramayanabom	ramayanabom	yes	https://github.com/sanskrit-lexicon-scans/ramayanabom	https://sanskrit-lexicon-scans.github.io/ramayanabom/	true	935101	2025-04-04	Wired via 'R. ed. Bomb.' / bare 'R. 7,x,y'. The tracker's display label 'R. (Bomb.)' itself resolves to None -- a label mismatch, not a missing target.		R.				yes	2970	2969	R.	ramayanabom;ramayanagorr;ramayanaschl	yes	
R. (Bomb.)	R. (Bomb.) vol.3	R.	31c	3	RĀMĀYAṆA (Bomb. ed.) 1859 vol. iii	done	index built, reviewed, and posted					inherited-family	39395	818	@Azanuka2412	2025-03-24	2025-03-27	PWG	75	https://github.com/sanskrit-lexicon/PWG/issues/75	2025-03-27	ramayanabom	ramayanabom	yes	https://github.com/sanskrit-lexicon-scans/ramayanabom	https://sanskrit-lexicon-scans.github.io/ramayanabom/	true	935101	2025-04-04	Wired via 'R. ed. Bomb.' / bare 'R. 7,x,y'. The tracker's display label 'R. (Bomb.)' itself resolves to None -- a label mismatch, not a missing target.		R.				yes	2970	2969	R.	ramayanabom;ramayanagorr;ramayanaschl	yes	
PAÑCAT.	PAÑCAT.	PAÑCAT.	3		PAÑCATANTRA 1848 Kosegarten ed.	done	index built, reviewed, and posted			8170	8170	exact	9141	289	@grigoriyt1		2025-03-28	PWG	86	https://github.com/sanskrit-lexicon/PWG/issues/86	2025-03-28	pantankose	pantankose	yes	https://github.com/sanskrit-lexicon-scans/pantankose	https://sanskrit-lexicon-scans.github.io/pantankose/	true	199708	2025-07-11	Exact match. Untracked sibling pantankoseorn also exists.		PAÑCAT.					482	481	PAÑCAT.	pantankose	yes	
VS.	★VS.	VS.	23		VĀJASANEYISAM̃HITĀ	done	index built, reviewed, and posted	yes		6078	6078	exact	6982	1098	@grigoriyt1		2025-03-11	PWG	124	https://github.com/sanskrit-lexicon/PWG/issues/124	2025-03-11	vajasasa	vajasasa	yes	https://github.com/sanskrit-lexicon-scans/vajasasa	https://sanskrit-lexicon-scans.github.io/vajasasa/	true	314846	2025-11-08	Exact match. Second-most-recently pushed of the 37 (Nov 2025).		VS.	2646	VS.	2.3		241	240	VS.	vajasasa	yes	
TS.	★TS. (2 vol.s)	TS.	26	2 vols	TAITTIRĪYASAM̃HITĀ	done	index built, reviewed, and posted	yes		5387	5387	exact	6258	846	@OFar0101	2025-03-10	2025-04-01	PWG	134	https://github.com/sanskrit-lexicon/PWG/issues/134	2025-04-01	taittiriyas	taittiriyas	yes	https://github.com/sanskrit-lexicon-scans/taittiriyas	https://sanskrit-lexicon-scans.github.io/taittiriyas/	true	463183	2025-07-12	FIXED (H1714, gasyoun/SanskritLexicography#840, 27-07-2026): dispatch now tests the prefix-map value 'taittiriyas' instead of the code literal 'TS.', so the existing 3-param helper is reachable; 'TS. 1,2,3' and 'TS. 1,2,3,4' both resolve. 'TS. 1,2' (2-param) still returns None -- no natural viewer target exists (app1 requires kanda+prapathaka+anuvaka, minimum 3 coordinates) and the canonical csl-app Dart source has the same limitation, so this is not treated as a live gap.		TS.	2736	TS.	1.97		353	352	TS.	taittiriyas	yes	
RAGH. (Calc. ed.)	RAGH. (Calc. ed.)	RAGH.	1b		RAGHUVAM̃SA 1832 Calc. ed.	done	index built, reviewed, and posted					inherited-family	9742	655	@angalinde	2025-04-08	2025-04-12	PWG	109	https://github.com/sanskrit-lexicon/PWG/issues/109	2025-04-12	raghuvamsacalc	raghuvamsacalc	yes	https://github.com/sanskrit-lexicon-scans/raghuvamsacalc	https://sanskrit-lexicon-scans.github.io/raghuvamsacalc/	true	282564	2025-04-15	Exact match. The 'calc' variant paired with raghuvamsa; org has the same pattern for rajatar/rajatarcalc and mbhcalc.		RAGH.				yes	566	566	RAGH.	raghuvamsa	yes	
RĀJA-TAR.	RĀJA-TAR.	RĀJA-TAR.	19		RĀJATARAṄGIṆĪ	done	index built, reviewed, and posted			7784	7784	exact	10308	599	@sofia28000	2025-02-25	2025-04-01	PWG	135	https://github.com/sanskrit-lexicon/PWG/issues/135	2025-04-02	rAjatar	rajatar	NO	https://github.com/sanskrit-lexicon-scans/rajatar	https://sanskrit-lexicon-scans.github.io/rajatar/	true	258478	2025-05-13	Wired as lowercase 'rajatar'. The tracker writes 'rAjatar'; GitHub Pages paths are case-sensitive, so a viewer link built from the tracker spelling 404s. Tracker defect, not a wiring gap.		RĀJA-TAR.	4126	RĀJA-TAR.	1.89		543	543	RĀJA-TAR.	rajatar;rajatarcalc	yes	
BHAṬṬ.	BHAṬṬ. (2 vol.s)	BHAṬṬ.	43	2 vols	BHAṬṬIKĀVYA 1828 Calc. ed.	done	index built, reviewed, and posted			2561	2561	exact	2783	1456	@angalinde	2025-04-15	2025-04-23	PWG	143	https://github.com/sanskrit-lexicon/PWG/issues/143	2025-04-23	bhattikavya	bhattikavya	yes	https://github.com/sanskrit-lexicon-scans/bhattikavya	https://sanskrit-lexicon-scans.github.io/bhattikavya/	true	196273	2025-07-09	Exact match, public, Pages enabled.		BHAṬṬ.	1428	BHAṬṬ.	1.79		378	377	BHAṬṬ.	bhattikavya	yes	
KĀTY. ŚR.	★KĀTY. ŚR.	KĀTY. ŚR.	21		KĀTYĀYANA'S ŚRAUTASŪTRĀṆI	done	index built, reviewed, and posted	yes		6734	6734	exact	8667	1168	@AnnaRybakovaT	2025-03-28	2025-04-07	PWG	136	https://github.com/sanskrit-lexicon/PWG/issues/136	2025-04-07	katyasr	katyasr	yes	https://github.com/sanskrit-lexicon-scans/katyasr	https://sanskrit-lexicon-scans.github.io/katyasr/	true	611037	2025-09-09	Exact match. Large (~0.6 GB).		KĀTY. ŚR.	1897	KĀTY. ŚR.	3.55		315	315	KĀTY. ŚR.	katyasr	yes	
TBR.	★TBR. (3 vol.s)	TBR.	39	3 vols	TAITTIRĪYABRĀHMAṆA	done	index built, reviewed, and posted	yes		2929	2929	exact	3338	2420	@OFar0101	2025-04-09	2025-04-25	PWG	144	https://github.com/sanskrit-lexicon/PWG/issues/144	2025-04-25	taittiriyabr	taittiriyabr	yes	https://github.com/sanskrit-lexicon-scans/taittiriyabr	https://sanskrit-lexicon-scans.github.io/taittiriyabr/	true	819656	2025-07-12	FIXED (H1714, gasyoun/SanskritLexicography#840, 27-07-2026): 'TBR.' added to the prefix map with a 3-param fallback helper (href_taittiriya_brahmana) wired to dispatch; 'TBR. 1,2,3' and 'TBR. 1,2,3,4' both resolve now.		TBR.	1600	TBR.	1.83		211	210	TBR.	taittiriyabr	yes	
KUMĀRAS.	KUMĀRAS.	KUMĀRAS.	44		KUMĀRASAM̃BHAVA	done	index built, reviewed, and posted			2510	2510	exact	2697	159	@OFar0101		2025-05-07	PWG	146	https://github.com/sanskrit-lexicon/PWG/issues/146	2025-05-07	kumaras	kumaras	yes	https://github.com/sanskrit-lexicon-scans/kumaras	https://sanskrit-lexicon-scans.github.io/kumaras/	true	121964	2025-07-10	Exact match, public, Pages enabled.		KUMĀRAS.	1268	KUMĀRAS.	1.98		139	139	KUMĀRAS.	kumaras	yes	
MĀLAV.	MĀLAV.	MĀLAV.	69		MĀLAVIKĀGNIMITRA	done	index built, reviewed, and posted			1076	1076	exact	1167	128	@OFar0101		2025-05-08	PWG	149	https://github.com/sanskrit-lexicon/PWG/issues/149	2025-05-08	malavikagni	malavikagni	yes	https://github.com/sanskrit-lexicon-scans/malavikagni	https://sanskrit-lexicon-scans.github.io/malavikagni/	true	83292	2025-07-10	Exact match, public, Pages enabled.		MĀLAV.	558	MĀLAV.	1.93		85	85	MĀLAV.	malavikagni	yes	
MEGH.	MEGH.	MEGH.	50		MEGHADŪTA	done	index built, reviewed, and posted			2020	2020	exact	2363	153	@OFar0101		2025-05-07	PWG	147	https://github.com/sanskrit-lexicon/PWG/issues/147	2025-05-07	meghasrnga	meghasrnga	yes	https://github.com/sanskrit-lexicon-scans/meghasrnga	https://sanskrit-lexicon-scans.github.io/meghasrnga/	true	62117	2025-09-18	Exact match. Among the smallest (~62 MB).		MEGH.	945	MEGH.	2.14		114	114	MEGH.	meghasrnga	yes	
ŚṚṄGĀRAT.	ŚṚṄGĀRAT.	ŚṚṄGĀRAT.	51		(Same book as 50 above) ŚṚṄGĀRATILAKA	done	index built, reviewed, and posted		yes	101	101	exact	111		@OFar0101		2025-05-07	PWG	147	https://github.com/sanskrit-lexicon/PWG/issues/147	2025-05-07	meghasrnga	meghasrnga	yes	https://github.com/sanskrit-lexicon-scans/meghasrnga	https://sanskrit-lexicon-scans.github.io/meghasrnga/	true	62117	2025-09-18	Exact match. Among the smallest (~62 MB).		ŚṚṄGĀRAT.					5	5	ŚṚṄGĀRAT.	meghasrnga	yes	
BHARTṚ.	BHARTṚ.	BHARTṚ.	66		BHARTṚHARI (1833) BOHLEN ed.	done	index built, reviewed, and posted			1282	1282	exact	1328	293	@OFar0101		2025-05-07	PWG	148	https://github.com/sanskrit-lexicon/PWG/issues/148	2025-05-07	bhartrhari	bhartrhari	yes	https://github.com/sanskrit-lexicon-scans/bhartrhari	https://sanskrit-lexicon-scans.github.io/bhartrhari/	true	245239	2025-08-04	Exact match, public, Pages enabled.		BHARTṚ.	785	BHARTṚ.	1.63		70	69	BHARTṚ.	bhartrhari	yes	
CAURAP.	CAURAP.	CAURAP.	67		(Same book as 66 above) CAURAPAÑCĀŚIKĀ, ed. BOHLEN	done	index built, reviewed, and posted		yes	405	405	exact	423		@OFar0101		2025-05-07	PWG	148	https://github.com/sanskrit-lexicon/PWG/issues/148	2025-05-07	bhartrhari	bhartrhari	yes	https://github.com/sanskrit-lexicon-scans/bhartrhari	https://sanskrit-lexicon-scans.github.io/bhartrhari/	true	245239	2025-08-04	Exact match, public, Pages enabled.		CAURAP.	182	CAURAP.	2.23		20	19	CAURAP.	bhartrhari	yes	
MBh. (Bomb.)	MBh. (Bomb.) vol.1	MBh.	7a	1	MBh. (Bomb. ed.) 1864 vol. i	done	index built, reviewed, and posted					inherited-family	67253	679	@ramray	2025-02-08	2025-02-21	PWK	84	https://github.com/sanskrit-lexicon/PWK/issues/84	2025-02-22	mbhbomb	mbhbomb	yes	https://github.com/sanskrit-lexicon-scans/mbhbomb	https://sanskrit-lexicon-scans.github.io/mbhbomb/	true	1694391	2025-07-16	Wired via uppercase 'MBH. ed. Bomb.' / bare 'MBH. n,n,n'. The tracker's mixed-case label 'MBh. (Bomb.)' resolves to None -- a label mismatch.		MBH.				yes	5	5	MBh.	mbhbomb	yes	
MBh. (Bomb.)	MBh. (Bomb.) vol.2	MBh.	7b	2	MBh. (Bomb. ed.) 1864 vol. ii	done	index built, reviewed, and posted					inherited-family	67253	643	@ramray		2025-03-27	PWK	84	https://github.com/sanskrit-lexicon/PWK/issues/84	2025-03-27	mbhbomb	mbhbomb	yes	https://github.com/sanskrit-lexicon-scans/mbhbomb	https://sanskrit-lexicon-scans.github.io/mbhbomb/	true	1694391	2025-07-16	Wired via uppercase 'MBH. ed. Bomb.' / bare 'MBH. n,n,n'. The tracker's mixed-case label 'MBh. (Bomb.)' resolves to None -- a label mismatch.		MBH.				yes	5	5	MBh.	mbhbomb	yes	
MBh. (Bomb.)	MBh. (Bomb.) vol.3	MBh.	7c	3	MBh. (Bomb. ed.) 1864 vol. iii	done	index built, reviewed, and posted					inherited-family	67253	881	@ramray		2025-03-27	PWK	84	https://github.com/sanskrit-lexicon/PWK/issues/84	2025-03-28	mbhbomb	mbhbomb	yes	https://github.com/sanskrit-lexicon-scans/mbhbomb	https://sanskrit-lexicon-scans.github.io/mbhbomb/	true	1694391	2025-07-16	Wired via uppercase 'MBH. ed. Bomb.' / bare 'MBH. n,n,n'. The tracker's mixed-case label 'MBh. (Bomb.)' resolves to None -- a label mismatch.		MBH.				yes	5	5	MBh.	mbhbomb	yes	
MBh. (Bomb.)	MBh. (Bomb.) vol.4	MBh.	7d	4	MBh. (Bomb. ed.) 1864 vol. iv	done	index built, reviewed, and posted					inherited-family	67253	837	@Azanuka2412	2025-02-24	2025-03-16	PWK	84	https://github.com/sanskrit-lexicon/PWK/issues/84	2025-03-16	mbhbomb	mbhbomb	yes	https://github.com/sanskrit-lexicon-scans/mbhbomb	https://sanskrit-lexicon-scans.github.io/mbhbomb/	true	1694391	2025-07-16	Wired via uppercase 'MBH. ed. Bomb.' / bare 'MBH. n,n,n'. The tracker's mixed-case label 'MBh. (Bomb.)' resolves to None -- a label mismatch.		MBH.				yes	5	5	MBh.	mbhbomb	yes	
MBh. (Bomb.)	MBh. (Bomb.) vol.5	MBh.	7e	5	MBh. (Bomb. ed.) 1864 vol. v	done	index built, reviewed, and posted					inherited-family	67253	1023	@Azanuka2412		2025-03-21	PWK	84	https://github.com/sanskrit-lexicon/PWK/issues/84	2025-03-21	mbhbomb	mbhbomb	yes	https://github.com/sanskrit-lexicon-scans/mbhbomb	https://sanskrit-lexicon-scans.github.io/mbhbomb/	true	1694391	2025-07-16	Wired via uppercase 'MBH. ed. Bomb.' / bare 'MBH. n,n,n'. The tracker's mixed-case label 'MBh. (Bomb.)' resolves to None -- a label mismatch.		MBH.				yes	5	5	MBh.	mbhbomb	yes	
MBh. (Bomb.)	MBh. (Bomb.) vol.6	MBh.	7f	6	MBh. (Bomb. ed.) 1864 vol. vi	done	index built, reviewed, and posted					inherited-family	67253	705	@angalinde	2025-02-08	2025-02-23	PWK	84	https://github.com/sanskrit-lexicon/PWK/issues/84	2025-02-23	mbhbomb	mbhbomb	yes	https://github.com/sanskrit-lexicon-scans/mbhbomb	https://sanskrit-lexicon-scans.github.io/mbhbomb/	true	1694391	2025-07-16	Wired via uppercase 'MBH. ed. Bomb.' / bare 'MBH. n,n,n'. The tracker's mixed-case label 'MBh. (Bomb.)' resolves to None -- a label mismatch.		MBH.				yes	5	5	MBh.	mbhbomb	yes	
HIT.	HIT.	HIT.	8		HITOPADEŚA 1829 Schlegel & Lassen ed.	done	index built, reviewed, and posted			3364	3364	exact	3891	460	@grigoriyt1	2025-05-01	2025-06-02	PWG	152	https://github.com/sanskrit-lexicon/PWG/issues/152	2025-06-02	hitopadesha	hitopadesha	yes	https://github.com/sanskrit-lexicon-scans/hitopadesha	https://sanskrit-lexicon-scans.github.io/hitopadesha/	true	128070	2025-07-10	Exact match, public, Pages enabled.		HIT.	953	HIT.	3.53		225	224	HIT.	hitopadesha	yes	
AK. Deslongchamps ed.	AK. Deslongchamps ed. (2 vol.s)	AK. Deslongchamps ed.	29a	2 vols	AMARAKOṢA 1839 Deslongchamps ed.	done	index built, reviewed, and posted			16151	16151	exact	16166	818	@IrinaKonstant	2025-04-17	2025-04-18	PWG	62	https://github.com/sanskrit-lexicon/PWG/issues/62	2025-04-18	amara_dlc	amara_dlc	yes	https://github.com/sanskrit-lexicon-scans/amara_dlc	https://sanskrit-lexicon-scans.github.io/amara_dlc/	true	184444	2025-07-14	Exact match. Described as the Deslongchamps 1839 edition of the Amarakosha; paired with amara_col.		AK.									yes	
GĪT.	GĪT.	GĪT.	69		GĪTAGOVINDA	done	index built, reviewed, and posted			1140	1140	exact	1219	222	@grigoriyt1	2025-06-01	2025-06-22	PWG	153	https://github.com/sanskrit-lexicon/PWG/issues/153	2025-06-22	gitagov	gitagov	yes	https://github.com/sanskrit-lexicon-scans/gitagov	https://sanskrit-lexicon-scans.github.io/gitagov/	true	185886	2025-07-10	Exact match. A second Bhagavadgita edition alongside the bhagavadgita repo.		GĪT.	595	GĪT.	1.92		49	48	GĪT.	gitagov	yes	
AK. Colebrooke ed.	AK. Colebrooke ed.	AK. Colebrooke ed.	29b		AMARAKOṢA 1808 Colebrooke ed.	done	index built, reviewed, and posted					inherited-family	16166	680	@grigoriyt1	2025-06-23	2025-06-25	PWG	62	https://github.com/sanskrit-lexicon/PWG/issues/62	2025-06-25	amara_col	amara_col	yes	https://github.com/sanskrit-lexicon-scans/amara_col	https://sanskrit-lexicon-scans.github.io/amara_col/	true	705861	2025-07-14	Audited (H1714, 27-07-2026): confirmed BY DESIGN, not a live bug. pwg_scan_index tracker shows 16,151 citations under bare AK. (Deslongchamps, amara_dlc) and zero measured citations for Colebrooke under that same key -- no evidence PWG ever emits a bare AK. intending Colebrooke. COL./COLEBR./AK. ed. COLEBR. already correctly route to amara_col. No code change made.		AK.									mis-keyed	
PAÑCAR.	PAÑCAR.	PAÑCAR.	47		NĀRADA PAÑCARĀTRA	done	index built, reviewed, and posted			2221	2221	exact	2755	395	@IrinaKonstant	2025-04-06	2025-04-07	PWG	137	https://github.com/sanskrit-lexicon/PWG/issues/137	2025-04-07	pancar	pancar	yes	https://github.com/sanskrit-lexicon-scans/pancar	https://sanskrit-lexicon-scans.github.io/pancar/	true	187926	2025-07-19	Audited (H1714, 27-07-2026): 2-parameter citations still return None -- confirmed NOT a wiring gap. The pancar viewer's only apps are app1 (3 params: ratra,adhyaya,sloka) and app0 (page number); there is no natural 2-param target, and the canonical csl-app Dart source has the identical limitation. Fails closed by design, matching upstream.		PAÑCAR.					74	74	PAÑCAR.	pancar	partial	
VIKR.	VIKR.	VIKR.	62		VIKRAMORVAŚĪ	done	index built, reviewed, and posted			1560	1560	exact	1661	723	@OFar0101		2025-05-16	PWG	157	https://github.com/sanskrit-lexicon/PWG/issues/157	2025-07-20	vikramor	vikramor	yes	https://github.com/sanskrit-lexicon-scans/vikramor	https://sanskrit-lexicon-scans.github.io/vikramor/	true	370593	2025-08-12	"Exact match. Description is ""'Vikramorvaśī"" (stray leading apostrophe in the repo description itself, harmless). Untracked sibling vikramor_mw exists."		VIKR.	808	VIKR.	1.93		90	90	VIKR.	vikramor	yes	
AIT. BR.	★AIT. BR. (2 vol.s)	AIT. BR.	33	2 vols	AITAREYABRĀHMAṆA	done	index built, reviewed, and posted	yes		4545	4545	exact	5217	898	@IrinaKonstant	2025-06-03	2025-08-03	PWG	159	https://github.com/sanskrit-lexicon/PWG/issues/159	2025-08-03	aitbr	aitbr	yes	https://github.com/sanskrit-lexicon-scans/aitbr	https://sanskrit-lexicon-scans.github.io/aitbr/	true	354486	2025-08-16	Exact match. Described as AITAREYABRAHMANA. Untracked sibling aitbr_auf exists.		AIT. BR.	2458	AIT. BR.	1.85		258	257	AIT. BR.	aitbr;aitbr_auf	yes	
NIR.	★NIR.	NIR.	36		YĀSKA'S NIRUKTA sammt den NIGHAṆṬAVA'S	done	index built, reviewed, and posted	yes		3166	3166	exact	3712	552	@IrinaKonstant	2025-08-10	2025-09-01	PWG	167	https://github.com/sanskrit-lexicon/PWG/issues/167	2025-09-01	nirukta	nirukta	yes	https://github.com/sanskrit-lexicon-scans/nirukta	https://sanskrit-lexicon-scans.github.io/nirukta/	true	326558	2025-09-08	Exact match. Description 'nirukta link target' — confirms these repos exist to serve dictionary link targets.		NIR.	1945	NIR.	1.63		72	71	NIR.	nirukta	yes	
NAIGH.	★NAIGH.	NAIGH.	37		(Same book as 36 above) YĀSKA'S NIRUKTA zu Grunde liegende NAIGHAṆṬUKAKĀṆḌA	done	index built, reviewed, and posted	yes		1477	1417	near-miss	1456		@IrinaKonstant	2025-08-10	2025-09-01	PWG	167	https://github.com/sanskrit-lexicon/PWG/issues/167	2025-09-01	nirukta	nirukta	yes	https://github.com/sanskrit-lexicon-scans/nirukta	https://sanskrit-lexicon-scans.github.io/nirukta/	true	326558	2025-09-08	Exact match. Description 'nirukta link target' — confirms these repos exist to serve dictionary link targets.		NAIGH.	1227	NAIGH.	1.2		22	21	NAIGH.	nirukta	yes	
ṚV. PRĀT.	★ṚV. PRĀT. (2 vol.s)	ṚV. PRĀT.	58	2 vols	RigVeda, Uebersetzung des Prâtisâkhya (1856 & 1869) Max Muller	done	index built, reviewed, and posted	yes		1755	1755	exact	1780	746	@IrinaKonstant		2026-01-09	PWG	173	https://github.com/sanskrit-lexicon/PWG/issues/173	2026-01-09	rvps	rvps	yes	https://github.com/sanskrit-lexicon-scans/rvps	https://sanskrit-lexicon-scans.github.io/rvps/	true	568309	2026-06-26	FIXED (H1714, gasyoun/SanskritLexicography#840, 27-07-2026): both the diacritic 'RV. PRATIS.' and undotted 'RV. PRAT.' spellings now route directly to https://sanskrit-lexicon-scans.github.io/rvps/app1/?patala,sutra, placed above the generic RV. patterns so they win the first-match scan.		ṚV. PRĀT.	788	ṚV. PRĀT.	2.23		51	0	ṚV. PRĀT.		yes	
ŚĀṄKH. ŚR.	★ŚĀṄKH. ŚR. (4 vol.s)	ŚĀṄKH. ŚR.	48	4 vols	ŚĀṄKHĀYANA'S ŚRAUTASŪTRĀṆI	on-going	reserved and in progress	yes		2095	2095	exact	2728	1586	@grigoriyt1																	ŚĀṄKH. ŚR.					134	0	ŚĀṄKH. ŚR.			
VS. PRĀT.	★VS. PRĀT.	VS. PRĀT.	72		PRĀTIŚĀKHYA zur VĀJASANEYISAM̃HITĀ	on-going	reserved and in progress	yes		1047	1047	exact	1058	261	@IrinaKonstant	2026-01-14		PWG	139	https://github.com/sanskrit-lexicon/PWG/issues/139												VS. PRĀT.	419	VS. PRĀT.	2.5		30	0	VS. PRĀT.			
DHĀTUP.	DHĀTUP.	DHĀTUP.	40		DHĀTUPĀṬHA in WESTERGAARD'S Radices	on-going	reserved and in progress			2756	2756	exact	2760		@AnnaRybakovaT																	DHĀTUP.	1974	DHĀTUP.	1.4		111	110	DHĀTUP.	www.sanskrit-lexicon.uni-koeln.de		
ĀŚV. ŚR.	★ĀŚV. ŚR.	ĀŚV. ŚR.	56		ĀŚVALĀYANA'S ŚRAUTASŪTRĀṆI	to-do	unclaimed, no volunteer assigned	yes		1835	1835	exact	2295	1058																		ĀŚV. ŚR.	890	ĀŚV. ŚR.	2.06		68	0	ĀŚV. ŚR.			
PAÑCAV. BR.	★PAÑCAV. BR. (2 vol.s)	PAÑCAV. BR.	59	2 vols	PAÑCAVIṂŚABRĀHMAṆA	to-do	unclaimed, no volunteer assigned	yes		1729	1729	exact	2242	1876																		PAÑCAV. BR.					82	0	PAÑCAV. BR.			
CHĀND. UP.	★CHĀND. UP.	CHĀND. UP.	60		CHĀNDOGYOPANIṢAD	to-do	unclaimed, no volunteer assigned	yes		1696	1696	exact	1879	646																		CHĀND. UP.	932	CHĀND. UP.	1.82		167	0	CHĀND. UP.			
VYUTP.	VYUTP.	VYUTP.	61		VYUTPATTI oder MAHĀVYUTPATTI	to-do	unclaimed, no volunteer assigned			1670	1670	exact	1741	290																		VYUTP.	1341	VYUTP.	1.25		5	0	VYUTP.			
ĀŚV. GṚHY.	★ĀŚV. GṚHY.	ĀŚV. GṚHY.	63		ĀŚVALĀYANA'S GṚHYASŪTRĀṆI	to-do	unclaimed, no volunteer assigned	yes		1453	1453	exact	1742	452																		ĀŚV. GṚHY.	738	ĀŚV. GṚHY.	1.97		102	0	ĀŚV. GṚHY.			
KĀṬH.	★KĀṬH.	KĀṬH.	64		KĀṬHAKA-Recension des YĀJ. V.	to-do	unclaimed, no volunteer assigned	yes		1316	1316	exact	1529	935																		KĀṬH.	651	KĀṬH.	2.02		57	0	KĀṬH.			
ŚIŚ.	ŚIŚ.	ŚIŚ.	65		ŚIŚUPĀLAVADHA	to-do	unclaimed, no volunteer assigned			1299	1299	exact	1353	776																		ŚIŚ.	595	ŚIŚ.	2.18		78	0	ŚIŚ.			
RĀJAN.	RĀJAN.	RĀJAN.	20		RĀJANIRGHAṆṬA, ein medicinisches Wörterbuch	nr-indirect	not required -- cited only indirectly			6783	6783	exact	6792																			RĀJAN.	642	RĀJAN.	10.57		9	0	RĀJAN.			
ŚABDAR.	ŚABDAR.	ŚABDAR.	38		ŚABDARATNĀVALĪ, ein Wörterbuch	nr-indirect	not required -- cited only indirectly			3128	3128	exact	3128																			ŚABDAR.					1	0	ŚABDAR.			
Ind. St.	Ind. St. (18 vol.s)	Ind. St.	22	18 vols	WEBER'S Indische Studien	page-wise	cited page-wise; no per-entry index needed			6347	6347	exact	7686																			Ind. St.	2392	Ind. St.	2.65		83	0	Ind. St.			
SUŚR.	SUŚR. (2 vol.s)	SUŚR.	32	2 vols	SUŚRUTA, ed. Calc. (GILD. Bibl. 367)	page-wise	cited page-wise; no per-entry index needed			12442	12442	exact	20305																			SUŚR.	5976	SUŚR.	2.08		277	0	SUŚR.			
Verz. d. B. H.	Verz. d. B. H.	Verz. d. B. H.	34		WEBER'S Verzeichniss der Berliner Sanskrit Handschriften	page-wise	cited page-wise; no per-entry index needed			3884	3884	exact	4675																			Verz. d. B. H.	329	Verz. d. B. H.	11.81		1	0	Verz. d. B. H.			
VP.	VP.	VP.	35		VIṢṆUPURĀṆA 1840 WILSON's ed.	page-wise	cited page-wise; no per-entry index needed			3697	3697	exact	4128																			VP.	1413	VP.	2.62		9	0	VP.			
PRAB.	PRAB.	PRAB.	41		PRABODHACANDRODAYA, ed. BROCKHAUS	page-wise	cited page-wise; no per-entry index needed			2659	2659	exact	2834																			PRAB.	1142	PRAB.	2.33		163	0	PRAB.			
SARVADARŚANAS.	SARVADARŚANAS.	SARVADARŚANAS.	42		SARVADARŚANASAṄGRAHA	page-wise	cited page-wise; no per-entry index needed			2616	2616	exact	4171																			SARVADARŚANAS.	1446	SARVADARŚANAS.	1.81		106	0	SARVADARŚANAS.			
COLEBR. Misc. Ess. (1st ed.)	COLEBR. Misc. Ess. (1st ed.)	COLEBR. Misc. Ess.	46		COLEBROOKE'S Miscellaneous Essays (2 vol.s)	page-wise	cited page-wise; no per-entry index needed			2334	2334	exact	2773																			COLEBR. Misc. Ess.				yes	2	0	COLEBR. Misc. Ess.			
HALL	HALL	HALL	49		A contribution towards an index to the Bibliography of the Indian philosophical systems	page-wise	cited page-wise; no per-entry index needed			2077	2077	exact	2541																			HALL	1200	HALL	1.73		10	0	HALL			
DAŚAK.	DAŚAK.	DAŚAK.	55		DAŚAKUMĀRACARITA (1846)	page-wise	cited page-wise; no per-entry index needed			1843	1843	exact	1905																			DAŚAK.	594	DAŚAK.	3.1		78	0	DAŚAK.			
MṚCCH.	MṚCCH.	MṚCCH.	57		MṚCCHAKAṬIKĀ (1846)	page-wise	cited page-wise; no per-entry index needed			1787	1787	exact	1996																			MṚCCH.	1088	MṚCCH.	1.64		140	0	MṚCCH.			
NĪLAK.	NĪLAK.	NĪLAK.	68		A rational refutation of the Hindu philosophy	page-wise	cited page-wise; no per-entry index needed			1194	1194	exact	1269																			NĪLAK.	118	NĪLAK.	10.12		9	0	NĪLAK.			
WILSON, Sel. Works (1st ed.)	WILSON, Sel. Works (1st ed.)	WILSON, Sel. Works	71		Selected Works of H.H. Wilson (2 vol.s)	page-wise	cited page-wise; no per-entry index needed			1065	1065	exact	1428																			WILSON, Sel. Works				yes	1	0	WILSON, Sel. Works			
