scan_dir	tracker_spelling	spelling_matches	repo_exists	repo_url	pages_url	default_branch	size_kb	pushed_at	resolver_wired	resolver_evidence	note
abch2	abch2	yes	true	https://github.com/sanskrit-lexicon-scans/abch2	https://sanskrit-lexicon-scans.github.io/abch2/	main	249102	2025-03-08	yes	lines 434, 443, 446, 449 (app1=H., app2=H. s. / s.)	Exact match. Described as Abhidhanacintamani + Abhidhanacintamanipariśiṣṭa, Bohtlingk 1847 edition. Sibling abch (v1) exists but is not tracked.
aitbr	aitbr	yes	true	https://github.com/sanskrit-lexicon-scans/aitbr	https://sanskrit-lexicon-scans.github.io/aitbr/	main	354486	2025-08-16	yes	line 310 (2-param AIT. BR. only; the 3-param form goes to aitbr_auf, lines 308, 922, 925)	Exact match. Described as AITAREYABRAHMANA. Untracked sibling aitbr_auf exists.
amara_col	amara_col	yes	true	https://github.com/sanskrit-lexicon-scans/amara_col	https://sanskrit-lexicon-scans.github.io/amara_col/	main	705861	2025-07-14	mis-keyed	lines 346, 348, 350, 352 (reached by COL./COLEBR./'AK. ed. COLEBR.', NOT by bare AK.)	Audited (H1714, 27-07-2026): confirmed BY DESIGN, not a live bug. pwg_scan_index tracker shows 16,151 citations under bare AK. (Deslongchamps, amara_dlc) and zero measured citations for Colebrooke under that same key -- no evidence PWG ever emits a bare AK. intending Colebrooke. COL./COLEBR./AK. ed. COLEBR. already correctly route to amara_col. No code change made.
amara_dlc	amara_dlc	yes	true	https://github.com/sanskrit-lexicon-scans/amara_dlc	https://sanskrit-lexicon-scans.github.io/amara_dlc/	main	184444	2025-07-14	yes	lines 341, 343	Exact match. Described as the Deslongchamps 1839 edition of the Amarakosha; paired with amara_col.
anekarthasamgraha	anekarthasamgraha	yes	true	https://github.com/sanskrit-lexicon-scans/anekarthasamgraha	https://sanskrit-lexicon-scans.github.io/anekarthasamgraha/	main	226104	2025-07-24	yes	lines 295, 298, 848, 855	Exact match, public, Pages enabled.
armh2	armh2	yes	true	https://github.com/sanskrit-lexicon-scans/armh2	https://sanskrit-lexicon-scans.github.io/armh2/	main	190070	2025-03-10	yes	line 452	Exact match. Described as Abhidhanaratnamala of Halayudha, link target for PWG/PW. Sibling armh (v1) exists but is not tracked.
bchrest1	bchrest1	yes	true	https://github.com/sanskrit-lexicon-scans/bchrest1	https://sanskrit-lexicon-scans.github.io/bchrest1/	main	21479	2025-07-09	yes	lines 399, 402, 405, 411 (app1=N., app2=DAS., app3=VID., app4=VISV.)	Exact match. Sibling bchrest2 exists in the org but is not in the tracker list.
bhagavadgita	bhagavadgita	yes	true	https://github.com/sanskrit-lexicon-scans/bhagavadgita	https://sanskrit-lexicon-scans.github.io/bhagavadgita/	main	138993	2025-07-09	yes	lines 292, 798, 908	Exact match. Distinct from gitagov (also tracked) and from bhagp_bom/bhagp_bur (untracked).
bhartrhari	bhartrhari	yes	true	https://github.com/sanskrit-lexicon-scans/bhartrhari	https://sanskrit-lexicon-scans.github.io/bhartrhari/	main	245239	2025-08-04	yes	lines 408, 414, 417 (app1=CAURAP., app2=BHARTR., app3=BHARTR. Suppl.)	Exact match, public, Pages enabled.
bhattikavya	bhattikavya	yes	true	https://github.com/sanskrit-lexicon-scans/bhattikavya	https://sanskrit-lexicon-scans.github.io/bhattikavya/	main	196273	2025-07-09	yes	line 369	Exact match, public, Pages enabled.
boesp1	boesp1	yes	true	https://github.com/sanskrit-lexicon-scans/boesp1	https://sanskrit-lexicon-scans.github.io/boesp1/	main	339162	2025-07-09	yes	lines 225, 237, 243 (Spr. / Spr. (I))	Exact name match, public, Pages live (200). No description.
brihatsam	brihatsam	yes	true	https://github.com/sanskrit-lexicon-scans/brihatsam	https://sanskrit-lexicon-scans.github.io/brihatsam/	main	270362	2025-08-31	yes	line 458	Exact match, public, Pages enabled.
gitagov	gitagov	yes	true	https://github.com/sanskrit-lexicon-scans/gitagov	https://sanskrit-lexicon-scans.github.io/gitagov/	main	185886	2025-07-10	yes	line 355	Exact match. A second Bhagavadgita edition alongside the bhagavadgita repo.
hitopadesha	hitopadesha	yes	true	https://github.com/sanskrit-lexicon-scans/hitopadesha	https://sanskrit-lexicon-scans.github.io/hitopadesha/	main	128070	2025-07-10	yes	lines 332, 334, 336, 338	Exact match, public, Pages enabled.
katyasr	katyasr	yes	true	https://github.com/sanskrit-lexicon-scans/katyasr	https://sanskrit-lexicon-scans.github.io/katyasr/	main	611037	2025-09-09	yes	lines 384, 386	Exact match. Large (~0.6 GB).
kumaras	kumaras	yes	true	https://github.com/sanskrit-lexicon-scans/kumaras	https://sanskrit-lexicon-scans.github.io/kumaras/	main	121964	2025-07-10	yes	lines 372, 777	Exact match, public, Pages enabled.
malavikagni	malavikagni	yes	true	https://github.com/sanskrit-lexicon-scans/malavikagni	https://sanskrit-lexicon-scans.github.io/malavikagni/	main	83292	2025-07-10	yes	lines 313, 315, 784	Exact match, public, Pages enabled.
markandeyapurana	markandeyapurana	yes	true	https://github.com/sanskrit-lexicon-scans/markandeyapurana	https://sanskrit-lexicon-scans.github.io/markandeyapurana/	main	34412	2025-07-11	yes	lines 289, 901	Exact match. One of the smaller repos (~34 MB).
mbhbomb	mbhbomb	yes	true	https://github.com/sanskrit-lexicon-scans/mbhbomb	https://sanskrit-lexicon-scans.github.io/mbhbomb/	main	1694391	2025-07-16	yes	lines 247, 249	Wired via uppercase 'MBH. ed. Bomb.' / bare 'MBH. n,n,n'. The tracker's mixed-case label 'MBh. (Bomb.)' resolves to None -- a label mismatch.
medini	medini	yes	true	https://github.com/sanskrit-lexicon-scans/medini	https://sanskrit-lexicon-scans.github.io/medini/	main	281809	2025-03-09	yes	lines 426, 428, 437, 440, 862 (app1=MED., app2=TRIK., app3=HAR.)	Exact match. Described as Medinikośa, Trikandaśeṣa and Haravali; also carries Amarakośa for possible future use.
meghasrnga	meghasrnga	yes	true	https://github.com/sanskrit-lexicon-scans/meghasrnga	https://sanskrit-lexicon-scans.github.io/meghasrnga/	main	62117	2025-09-18	yes	lines 420, 423 (app1=MEGH., app2=SRNGARAT.)	Exact match. Among the smallest (~62 MB).
mugdhabodha	mugdhabodha	yes	true	https://github.com/sanskrit-lexicon-scans/mugdhabodha	https://sanskrit-lexicon-scans.github.io/mugdhabodha/	main	230318	2025-03-04	yes	line 366	Exact match. Oldest push of the 37 (Mar 2025).
nirukta	nirukta	yes	true	https://github.com/sanskrit-lexicon-scans/nirukta	https://sanskrit-lexicon-scans.github.io/nirukta/	main	326558	2025-09-08	yes	lines 358, 360, 363, 812 (app1=NIR. numeric, app0=NIR. roman, app2=NAIGH.)	Exact match. Description 'nirukta link target' — confirms these repos exist to serve dictionary link targets.
pancar	pancar	yes	true	https://github.com/sanskrit-lexicon-scans/pancar	https://sanskrit-lexicon-scans.github.io/pancar/	main	187926	2025-07-19	partial	lines 388-391	Audited (H1714, 27-07-2026): 2-parameter citations still return None -- confirmed NOT a wiring gap. The pancar viewer's only apps are app1 (3 params: ratra,adhyaya,sloka) and app0 (page number); there is no natural 2-param target, and the canonical csl-app Dart source has the identical limitation. Fails closed by design, matching upstream.
pantankose	pantankose	yes	true	https://github.com/sanskrit-lexicon-scans/pantankose	https://sanskrit-lexicon-scans.github.io/pantankose/	main	199708	2025-07-11	yes	lines 318, 320, 322, 324, 713, 718	Exact match. Untracked sibling pantankoseorn also exists.
raghuvamsa	raghuvamsa	yes	true	https://github.com/sanskrit-lexicon-scans/raghuvamsa	https://sanskrit-lexicon-scans.github.io/raghuvamsa/	main	93981	2025-03-23	yes	lines 280, 286, 893 (RAGH. generic + RAGH. ed. ST.)	Exact match. Distinct from sibling repo raghuvamsacalc, which is also in the tracker.
raghuvamsacalc	raghuvamsacalc	yes	true	https://github.com/sanskrit-lexicon-scans/raghuvamsacalc	https://sanskrit-lexicon-scans.github.io/raghuvamsacalc/	main	282564	2025-04-15	yes	lines 283, 741, 894	Exact match. The 'calc' variant paired with raghuvamsa; org has the same pattern for rajatar/rajatarcalc and mbhcalc.
rajatar	rAjatar	NO	true	https://github.com/sanskrit-lexicon-scans/rajatar	https://sanskrit-lexicon-scans.github.io/rajatar/	main	258478	2025-05-13	yes	lines 271, 883  (LOWERCASE 'rajatar'; tracker column says 'rAjatar' — case mismatch on join)	Wired as lowercase 'rajatar'. The tracker writes 'rAjatar'; GitHub Pages paths are case-sensitive, so a viewer link built from the tracker spelling 404s. Tracker defect, not a wiring gap.
ramayanabom	ramayanabom	yes	true	https://github.com/sanskrit-lexicon-scans/ramayanabom	https://sanskrit-lexicon-scans.github.io/ramayanabom/	main	935101	2025-04-04	yes	lines 485, 488, 507, 647, 655, 656	Wired via 'R. ed. Bomb.' / bare 'R. 7,x,y'. The tracker's display label 'R. (Bomb.)' itself resolves to None -- a label mismatch, not a missing target.
rvps	rvps	yes	true	https://github.com/sanskrit-lexicon-scans/rvps	https://sanskrit-lexicon-scans.github.io/rvps/	main	568309	2026-06-26	yes	line 543 (rewritten)	FIXED (H1714, gasyoun/SanskritLexicography#840, 27-07-2026): both the diacritic 'RV. PRATIS.' and undotted 'RV. PRAT.' spellings now route directly to https://sanskrit-lexicon-scans.github.io/rvps/app1/?patala,sutra, placed above the generic RV. patterns so they win the first-match scan.
sahityadarpana	sahityadarpana	yes	true	https://github.com/sanskrit-lexicon-scans/sahityadarpana	https://sanskrit-lexicon-scans.github.io/sahityadarpana/	main	187938	2025-10-23	yes	lines 461, 463	Exact match. Org also has a separate sahityadarpana_mw repo not in the tracker list.
shakuntala	shakuntala	yes	true	https://github.com/sanskrit-lexicon-scans/shakuntala	https://sanskrit-lexicon-scans.github.io/shakuntala/	main	204996	2025-07-12	yes	lines 301, 303, 305, 869, 872	Exact match, public, Pages enabled.
taittiriyabr	taittiriyabr	yes	true	https://github.com/sanskrit-lexicon-scans/taittiriyabr	https://sanskrit-lexicon-scans.github.io/taittiriyabr/	main	819656	2025-07-12	yes	lines 380-381, dispatch + helper added	FIXED (H1714, gasyoun/SanskritLexicography#840, 27-07-2026): 'TBR.' added to the prefix map with a 3-param fallback helper (href_taittiriya_brahmana) wired to dispatch; 'TBR. 1,2,3' and 'TBR. 1,2,3,4' both resolve now.
taittiriyas	taittiriyas	yes	true	https://github.com/sanskrit-lexicon-scans/taittiriyas	https://sanskrit-lexicon-scans.github.io/taittiriyas/	main	463183	2025-07-12	yes	lines 377-378, dispatch fixed	FIXED (H1714, gasyoun/SanskritLexicography#840, 27-07-2026): dispatch now tests the prefix-map value 'taittiriyas' instead of the code literal 'TS.', so the existing 3-param helper is reachable; 'TS. 1,2,3' and 'TS. 1,2,3,4' both resolve. 'TS. 1,2' (2-param) still returns None -- no natural viewer target exists (app1 requires kanda+prapathaka+anuvaka, minimum 3 coordinates) and the canonical csl-app Dart source has the same limitation, so this is not treated as a live gap.
vajasasa	vajasasa	yes	true	https://github.com/sanskrit-lexicon-scans/vajasasa	https://sanskrit-lexicon-scans.github.io/vajasasa/	main	314846	2025-11-08	yes	lines 268, 749	Exact match. Second-most-recently pushed of the 37 (Nov 2025).
vikramor	vikramor	yes	true	https://github.com/sanskrit-lexicon-scans/vikramor	https://sanskrit-lexicon-scans.github.io/vikramor/	main	370593	2025-08-12	yes	lines 394, 396, 791	"Exact match. Description is ""'Vikramorvaśī"" (stray leading apostrophe in the repo description itself, harmless). Untracked sibling vikramor_mw exists."
yajnavalkya	yajnavalkya	yes	true	https://github.com/sanskrit-lexicon-scans/yajnavalkya	https://sanskrit-lexicon-scans.github.io/yajnavalkya/	main	15384	2025-07-12	yes	lines 277, 915	Exact match. Smallest of the 37 at ~15 MB.
