total	abbrev	bib_code	gloss
60	NUMBER		ls starts with number
4	UNKNOWN		ls is unknown
67138	MBH.	1.210	MAHĀBHĀRATA, ed. Calc. (GILD. Bibl. 93).
56037	ṚV.	1.263	ṚGVEDA. Es wird nach Maṇḍala, Sūkta und 
37762	R.	1.247	RĀMĀYAṆA. Ohne eine nähere Angabe ist be
25299	P.	1.230	PĀṆINI'S acht Bücher grammatischer Regel
25005	KATHĀS.	1.156	KATHĀSARITSĀGARA, ed. BROCKHAUS (GILD. B
22563	M.	1.190	MANU'S Gesetzbuch in der Ausg. von LOISE
22119	BHĀG. P.	1.036	BHĀGAVATAPURĀṆA, nach Anführungen im VP.
20121	ŚKDR.	1.078	ŚABDAKALPADRUMA (GILD. Bibl. 371).
16204	AV.	1.026	ATHARVAVEDASAM̃HITĀ, herausg. von R. ROT
16151	AK.	1.010	AMARAKOṢA nach der Ausgabe von COLEBROOK
16148	H.	1.116	HEMACANDRA'S ABHIDHĀNACINTĀMAṆI, ein sys
15702	HARIV.	1.122	HARIVAṂŚA im 4ten Bande des MBH.&#13;&#1
15431	ŚAT. BR.	1.074	The ŚATAPATHABRĀHMAṆA in the Mādhyandina
14738	Verz. d. Oxf. H.	c.006	AUFRECHT, Verzeichniss der Oxforder Hand
12990	MED.	1.211	MEDINĪKOṢA, ed. Calc. (GILD. Bibl. 258).
12442	SUŚR.	1.282	SUŚRUTA, ed. Calc. (GILD. Bibl. 367); ci
10494	Spr.	4.016	Indische Sprüche. Sanskrit und deutsch h
9781	H. an.	1.119	HEMACANDRA'S ANEKĀRTHASAM̃GRAHA, ed. Cal
9174	VARĀH. BṚH. S.	1.307	VARĀHAMIHIRA'S BṚHATSAM̃HITĀ.
8752	RAGH.	1.251	RAGHUVAṂŚA, ed. STENZLER (GILD. Bibl. 13
8426	TRIK.	1.293	TRIKĀṆḌAŚEṢA, ed. Calc. (GILD. Bibl. 258
8244	Spr. (II)	c.2117	Indische Sprüche. Sanskrit und Deutsch. 
8170	PAÑCAT.	1.232	PAÑCATANTRA. Pantschatantrum sive quinqu
7784	RĀJA-TAR.	1.249	RĀJATARAṄGIṆĪ, ed. TROYER (GILD. Bibl. 1
7114	R. GORR.	c.2073	Rāmāyaṇa, Gorresio edition, 1843--1867 
6891	Sch.	1.275	Scholiast.
6783	RĀJAN.	1.248	RĀJANIRGHAṆṬA, ein medicinisches Wörterb
6734	KĀTY. ŚR.	1.159	KĀTYĀYANA'S ŚRAUTASŪTRĀṆI. 26 Adhyāya. H
6347	Ind. St.	1.135	WEBER'S Indische Studien.
6078	VS.	1.328	VĀJASANEYISAM̃HITĀ. The VĀYASANEYI-SANHI
5500	ŚĀK.	1.063	ŚĀKUNTALA, das Drama in der Ausgabe von 
5436	MĀRK. P.	2.028	MĀRKĀṆḌEYAPURĀṆA in der Bibliotheca indi
5387	TS.	1.294	TAITTIRĪYASAM̃HITĀ. 7 Kāṇḍa, eingetheilt
5159	HALĀY.	1.118	HALĀYUDHA, ein Lexicograph; nach Anführu
5149	VOP.	1.326	VOPADEVA'S Grammatik, nach BÖHTLINGK'S A
4545	AIT. BR.	1.008	AITAREYABRĀHMAṆA. Citirt nach den 8 Pañc
3884	Verz. d. B. H.	1.314	WEBER'S Verzeichniss der Berliner Sanskr
3860	SĀH. D.	1.267	SĀHITYADARPAṆA, auf den 10 ersten Bogen 
3794	YĀJÑ.	1.138	YĀJÑAVALKYA'S Gesetzbuch. Sanskrit und D
3697	VP.	1.327	VIṢṆUPURĀṆA. Es wird die WILSON'sche Ueb
3446	N.	1.219	NALOPĀKHYĀNA in BÖHTLINGK'S Chrestomathi
3364	HIT.	1.127	HITOPADEŚA, ed. SCHLEGEL und LASSEN (GIL
3299	GORR.	1.112	Rāmāyaṇa, Gorresio edition, 1843--1867 [
3166	NIR.	1.227	YĀSKA'S NIRUKTA sammt den NIGHAṆṬAVA'S h
3128	ŚABDAR.	1.061	ŚABDARATNĀVALĪ, ein Wörterbuch; nach Anf
3053	Schol.	1.275a	Scholiast.
2929	TBR.	2.043	TAITTIRĪYABRĀHMAṆA.
2756	DHĀTUP.	1.093	DHĀTUPĀṬHA in WESTERGAARD'S Radices (GIL
2673	ed. Bomb.	c.2119	Bombay ed. of Rāmāyaṇa, 1859-1864 OR&#13
2659	PRAB.	1.239	PRABODHACANDRODAYA, ed. BROCKHAUS (GILD.
2616	SARVADARŚANAS.	c.011	? 
2561	BHAṬṬ.	1.041	BHAṬṬIKĀVYA, ed. Calc. (GILD. Bibl. 137)
2510	KUMĀRAS.	1.175	KUMĀRASAM̃BHAVA, ed. STENZLER (GILD. Bib
2336	KAUŚ.	1.161	KAUŚIKA'S SŪTRA zum ATHARVAVEDA. 14 Adhy
2334	COLEBR. Misc. Ess.	1.081	COLEBROOKE'S Miscellaneous Essays. 2 Bän
2275	BHAG.	1.035	BHAGAVADGĪTĀ, Ausg. von SCHLEGEL (GILD. 
2221	PAÑCAR.	c.013	PAÑCARATNA ? 
2095	ŚĀṄKH. ŚR.	1.068	ŚĀṄKHĀYANA'S ŚRAUTASŪTRĀṆI.
2077	HALL	4.005	A contribution towards an index to the B
2020	MEGH.	1.212	MEGHADŪTA, ed. GILDEMEISTER (GILD. Bibl.
2020	WILS.	1.331	WILSON'S Wörterbuch (GILD. Bibl. 37).
2018	KĀM. NĪTIS.	c.002	? 
2018	UṆĀDIS.	c.039	?  
1865	HĀR.	1.120	HĀRĀVALĪ, ed. Calc. (GILD. Bibl. 258).
1847	LĀṬY.	1.183	LĀṬYĀYANA'S SŪTRA zum SV. Hdschr.
1843	DAŚAK.	1.088	DAŚAKUMĀRACARITA, ed. WILSON (GILD. Bibl
1835	ĀŚV. ŚR.	R1.001	ĀŚVALĀYANA'S ŚRAUTASŪTRĀṆI in 12 Adhyāya
1797	an.	1.014	ANEKĀRTHASAM̃GRAHA (s. H. an.).
1787	MṚCCH.	1.216	MṚCCHAKAṬIKĀ, ed. STENZLER (GILD. Bibl. 
1755	ṚV. PRĀT.	1.264	PRĀTIŚĀKHYA zun ṚGVEDA, citirt nach Paṭa
1729	PAÑCAV. BR.	1.233	PAÑCAVIṂŚABRĀHMAṆA.
1696	CHĀND. UP.	1.170	CHĀNDOGYOPANIṢAD, nach der Ausgabe von R
1670	VYUTP.	1.324	VYUTPATTI oder MAHĀVYUTPATTI (s. Mél. as
1560	VIKR.	1.320	VIKRAMORVAŚĪ, ed. BOLLENSEN (GILD. Bibl.
1527	UJJVAL.	c.104	?  
1453	ĀŚV. GṚHY.	1.002	ĀŚVALĀYANA'S GṚHYASŪTRĀṆI in 4 Adhyāya. 
1436	RATNAM.	1.259	RATNAMĀLĀ, ein Wörterbuch; nach Anführun
1427	ŚABDAC.	1.059	ŚABDACANDRIKĀ, ein Wörterbuch; nach Anfü
1417	KULL.	1.174	KULLŪKA, ein Scholiast des MANU, vollstä
1417	NAIGH.	1.220	das, YĀSKA'S NIRUKTA zu Grunde liegende 
1387	SIDDH. K.	1.279	SIDDHĀNTAKAUMUDĪ, die Calc. Ausg. in 4º 
1316	KĀṬH.	1.155	KĀṬHAKA-Recension des YĀJ. V.
1301	H. ś.	1.123	die Śeṣa's zu HEMACANDRA'S ABHIDHĀNACINT
1299	ŚIŚ.	1.076	ŚIŚUPĀLAVADHA, ed. Calc. (GILD. Bibl. 14
1282	BHARTṚ.	1.039	BHARTṚHARI, Ausg. von BOHLEN (GILD. Bibl
1262	SĀY.	1.268	SĀYAṆA.
1194	NĪLAK.	4.008	A rational refutation of the Hindu philo
1140	GĪT.	1.110	GĪTAGOVINDA, ed. LASSEN (GILD. Bibl. 168
1139	ŚAṂK.	1.065	ŚAṂKARA (ein Scholiast des ŚĀKUNTALA) un
1127	VID.	1.319	Geschichte des VIDŪṢAKA in BÖHTLINGK'S C
1076	MĀLAV.	1.202	MĀLAVIKĀGNIMITRA, ed. TULLBERG (GILD. Bi
1065	WILSON, Sel. Works	c.008	? 
1047	VS. PRĀT.	1.329	PRĀTIŚĀKHYA zur VĀJASANEYISAM̃HITĀ, citi
1030	JAṬĀDH.	1.105	JAṬĀDHARA, ein Lexicograph; nach Anführu
961	BENF. Chr.	1.033	BENFEY' Chrestomathie aus Sanskritwerken
918	NIGH. PR.	3.010	NIGHAṆṬA PRAKĀŚA von BĀPŪ GAṄGĀDHARA. Bo
913	PAT. a. a. O.	c.1364a	? 
898	LIA.	1.186	LASSEN'S Indische Alterthumskunde.
898	SŪRYAS.	1.284	SŪRYASIDDHĀNTA, nach Anführungen in HAUG
839	ṚT.	1.262	ṚTUSAM̃HĀRA, ed. BOHLEN (GILD. Bibl. 155
835	WILSON	c.009a	? 
832	WEBER, RĀMAT. UP.	c.007	? 
818	Z. d. d. m. G.	1.334	Zeitschrift der Deutschen morgenländisch
807	GOBH.	2.015	GOBHILA'S GṚHYASŪTRA; nach Mittheilungen
783	ŚABDAM.	1.060	ŚABDAMĀLĀ, ein Wörterbuch; nach Anführun
773	WILSON.	c.009	? 
770	BURN. Intr.	1.056	BURNOUF, Introduction à l'histoire du Bu
768	PĀR. GṚHY.	1.235	PĀRASKARA'S GṚHYASŪTRĀṆI.
766	Uṇ.	1.296	Die Uṇādi-Affixe. Herausgegeben und mit 
757	KAP.	2.020	KAPILA (The Aphorisms of the Sánkhya Phi
747	VET. in LA.	1.317a	VETĀLAPAÑCAVIṂŚATI in LASSEN'S Anthologi
746	ŚĀṄKH. GṚHY.	1.067	ŚĀṄKHĀYANA'S GṚHYASŪTRĀṆI.
745	BṚH. ĀR. UP.	1.051	BṚHADĀRAṆYAKOPANIṢAD, nach der Ausgabe v
744	BHAR.	1.038	BHARATA, ein Autor über Schauspielkunst,
730	AV. PRĀT.	1.031	PRĀTIŚĀKHYA zum ATHARVAVEDA. Citirt nach
717	ed. Calc.	c.2120	Calcutta edition of various works [Colog
709	ŚĀṄKH. BR.	1.066	ŚĀṄKHĀYANA'S BRĀHMAṆA.
707	ŚABDĀRTHAK.	c.127	?  
677	VARĀH. BṚH.	1.306	VARĀHAMIHIRA'S BṚHAJJĀTAKA. [Pagè-a+ 33]
674	DHŪRTAS.	1.095	DHŪRTASAMĀGAMA in LASSEN'S Anthologie (G
671	Journ. of the Am. Or. S.	3.004	Journal of the American Oriental Society
668	KIR.	1.171	KIRĀTĀRJUNĪYA, ed. Calc. (GILD. Bibl. 13
658	VIŚVA	c.119	?  
646	BṚH. ĀR. UP. S.	1.051b	? 
621	Lot. de la b. l.	c.358	? 
613	SĀṂKHYAK.	1.270	SĀṂKHYAKĀRIKĀ, ed. WILSON (GILD. Bibl. 2
588	TS. PRĀT.	c.1712	? 
568	CARAKA	c.094	?  
559	VET.	1.317	VETĀLAPAÑCAVIṂŚATI in LASSEN'S Anthologi
557	ŚĀRṄG. SAṂH.	4.002	SAM̃HITĀ des ŚĀRṄGADHARA. Bombai 1853. C
555	ŚVETĀŚV. UP.	1.086	ŚVETĀŚVATAROPANIṢAD in der Bibliotheca i
544	MĀLATĪM.	c.040	?  
524	LALIT. ed. Calc.	1.182a	LALITAVISTARA in der Bibliotheca indica.
523	WASSILJEW	c.095	В. Васильевъ. Буддизмъ, его догматы, ист
515	MAITRYUP.	c.041	?  
512	ŚATR.	2.006	ŚATRUM̃JAYAMĀHĀTMYA, nach den von A. WEB
510	AMAR.	1.011	AMARUŚATAKA nach der Calc. Ausg. (GILD. 
509	BHĀVAPR.	1.042	BHĀVAPRAKĀŚA, ein medic. Wörterbuch; nac
504	BṚH.	c.043	?  
491	ARJ.	1.023	ARJUNASAMĀGAMA, ed. BOPP (GILD. Bibl. 10
487	KAṬHOP.	1.157	KAṬHOPANIṢAD in der Bibliotheca indica.
481	VEDĀNTAS. (Allah.)	2.049	A Lecture on the Vedánta, embracing the 
469	PRATĀPAR.	4.011	VIDYĀNĀTHA'S PRATĀPARUDRĪYAM ALAM̃KĀRAŚĀ
442	UTTARAR.	c.003	Uttararāmacarita, a play by Bhavabhuti 
440	PRAVARĀDHY.	1.243	PRAVARĀDHYĀYA.
431	HIḌ.	1.124	HIḌIMBAVADHA in BOPP'S Ardschuna's Reise
426	KĀŚ.	1.144	KĀŚIKĀVṚTTI; s. die Einleitung zu BÖHTLI
415	PAT.	1.236	PATAÑJALI, als Verfasser des MAHĀBHĀṢYA;
413	DAŚ.	1.087	DAŚARATHA'S Tod in BÖHTLINGK'S Chrestoma
411	LA.	1.179	LASSEN'S Anthologie (GILD. Bibl. 48).
409	ŚIV.	1.077	ŚIVANĀMASAHASRA, handschriftlich im Asia
408	BURNOUF	c.107	?  
406	DRAUP.	1.097	DRAUPADĪPRAMĀTHA, ed. BOPP (GILD. Bibl. 
405	CAURAP.	1.162	CAURAPAÑCĀŚIKĀ, ed. BOHLEN (GILD. Bibl. 
396	DAŚAR.	4.003	The Daśa-Rūpa, or Hindu Canons of Dramat
389	TAITT. ĀR.	1.287	TAITTIRĪYĀRAṆYAKA.
385	NAIṢ.	1.221	NAIṢADHACARITA, ed. Calc. (GILD. Bibl. 1
381	VĀLAKH.	1.304	VĀLAKHILYA, die zwischen ṚV. 8, 48 und 4
379	KĀVYĀD.	c.042	?  
373	YOGAŚ.	c.461	?  
370	VIŚV.	1.318	VIŚVĀMITRA'S Kampf in BÖHTLINGK'S Chrest
364	ṢAḌV. BR.	1.276	ṢAḌVIṂŚABRĀHMAṆA.
363	TAITT. UP.	c.375	TAITTIRĪYOPANIṢAD ? 
356	BHĀṢĀP.	1.040	BHĀṢĀPARICCHEDA nach der Ausgabe von RÖE
356	PAÑCAT. ed. orn.	1.233d	? [Cologne addition]
354	SĀV.	1.274	SĀVITRYUPĀKHYĀNA, ed. BOPP (GILD. Bibl. 
353	BRAHMA-P. in LA.	1.047a	BRAHMAPURĀṆA in LASSEN'S Anthologie (GIL
352	COLEBR. Alg.	1.080	Algebra, with Arithmetic and Mensuration
351	MAHĪDH.	1.197	MAHĪDHARA, Scholiast der VS.
350	MALLIN.	1.203	MALLINĀTHA.
349	HEM.	c.376	HEMACANDRA ? 
346	WEBER, JYOT.	4.017	WEBER, Ueber den Vedakalender, Namens Jy
340	INDR.	1.134	INDRALOKĀGAMANA in BOPP'S Ardschuna's Re
335	MADHUS.	1.194	MADHUSŪDANASARASVATĪ'S PRASTHĀNABHEDA in
334	LALIT.	1.181	RGYA TCH'ER ROL PA (LALITAVISTĀRA) ou Dé
333	R. ed. Bomb.	1.247a	Bombay ed. of Rāmāyaṇa, 1859-1864 [Colog
329	SCHIEFNER, Lebensb.	1.184b	? 
328	VĀSAVAD.	c.055	?  
325	SCHL.	c.075	Rāmāyaṇa, Schlegel edition, 1829--1838  
321	WEBER, KṚṢṆAJ.	c.709	?  
316	KUSUM.	c.046	? Kusumanagara  
311	ŚRUT.	1.084	ŚRUTABODHA in der Zeitschrift für die Ku
309	MUIR, ST.	3.009a	MUIR, Sanskr. Texts ?
306	TĀRAN.	c.045	?  
304	KAUṢ. UP.	1.164	KAUṢĪTAKYUPANIṢAD.
304	SAṂSK. K.	4.014	SAṂSKĀRAKAUSTUBHA von ANANTADEVA. Lith. 
300	MUṆḌ. UP.	1.218	MUṆḌAKOPANIṢAD in der Bibliotheca indica
299	TATTVAS.	2.042	A Lecture on the Sánkhya Philosophy, emb
293	AUFRECHT	c.020	? 
278	SUND.	1.283	SUNDOPASUNDOPĀKHYĀNA, ed. BOPP (GILD. Bi
277	MIT.	1.215	MITĀKṢARĀ, ed. Calc. 1829 (GILD. Bibl. 3
277	UṆĀDIK.	1.297	UṆĀDIKOṢA, nach Anführungen im ŚKDR.
275	Sp.	c.433	? 
273	SV.	1.286	SĀMAVEDA. Die Hymnen des SĀMA-VEDA, hera
269	ŚĀK. CH.	1.064	CHEZY'S Ausgabe des ŚĀKUNTALA (GILD. Bib
266	VAIJ.	1.301	VAIJAYANTĪ, ein Wörterbuch. Excerpte dar
263	Z. f. d. K. d. M.	1.335	Zeitschrift für die Kunde des Morgenland
263	UTTARARĀMAC.	c.005	? 
258	Spr. (I)	4.016a	Indische Sprüche. Sanskrit und deutsch h
257	MACK. Coll.	c.359	? 
254	ŚĀNTIŚ.	1.070	ŚIHLANA'S ŚĀNTIŚATAKA in HAEBERLIN'S Ant
252	R. SCHL.	1.247b	Rāmāyaṇa, Schlegel edition, 1829--1838 [
249	MÜLLER, SL.	c.363	? 
245	DHAR.	1.092	DHARAṆĪKOṢA, ein Wörterbuch; nach Anführ
245	PRAŚNOP.	1.240	PRAŚNOPANIṢAD, nach der Ausgabe von RÖER
245	WEBER, Nakṣ.	4.018	WEBER, Die vedischen Nachrichten von den
242	HIOUEN-THSANG	1.126	Histoire de la vie de HIOUEN-THSANG et d
238	BRĀHMAṆ.	1.045	BRĀHMAṆAVILĀPA in BOPP'S Ardschuna's Rei
237	VĀYU-P.	1.302	VĀYUPURĀṆA.
237	BURN.	c.112	?  
235	VĀGBH.	c.047	?  
229	CHANDOM.	1.169	CHANDOMAÑJARĪ, ein Werk über Metrik; nac
227	LANGL.	c.121a	 Alexandre Langlois (1788-1854), French 
221	YOGAS.	2.018	YOGASŪTRA (The Aphorisms of the Yoga Phi
218	KUVALAY.	1.178	KUVALAYĀNANDA (Rhetorik) von APYADĪKṢITA
218	SAṂKṢIPTAS.	c.199	?  
216	HIOUEN-THSANG I	2.016	Mémoires sur les contrées occidentales, 
214	ŚĀNT.	1.069	ŚĀNTANĀCĀRYA'S PHIṬSŪTRĀṆI in BÖHTLINGK,
213	HIT. Pr.	1.128	Prooemium im HIT.
209	VYĀḌI	c.227	?  
203	TARKAS.	c.048	?  
195	BENFEY	c.031a	? 
188	UṆĀDIVṚ.	c.181	?  
186	ŚUK. in LA.	1.085b	ŚUKASAPTATI in LASSEN'S Anthologie (GILD
186	GṚHY.	c.050	?  
185	JAIM.	2.012	JAIMINI (The Aphorisms of the Mímánsá Ph
184	WISE	1.333	Commentary on the Hindu System of Medici
179	LAGHUJ.	1.180	VARĀHAMIHIRA'S LAGHUJĀTAKA.
178	Notices of Skt. Mss.	c.001a	Notices of Skt. Mss. 
176	COLEBR.	c.118	?  
175	GILD. Bibl.	1.109	Bibliothecae sanskritae sive recensus li
174	SADDH. P.	1.266a	? 
172	LOIS.	1.189	LOISELEUR DESLONGCHAMPS.
170	DEV.	1.091	DEVĪMĀHĀTMYA, ed. POLEY (GILD. Bibl. 130
169	KAṆ.	c.051	?  
169	GOLĀDHY.	c.054	?  
164	NṚS. TĀP. UP.	c.364	NṚSIṂHATĀPANĪYOPANIṢAD ? 
163	ṚV. ANUKR.	1.028a	ANUKRAMAṆIKĀ des ṚGVEDA ? [Cologne addit
162	NALOD.	c.049	?  
160	GAUḌAP.	1.106	GAUḌAPĀDA, ein Scholiast zu SĀM̃KHYAK.
160	ŚIKṢĀ	c.097	?  
159	WEBER, Lit.	1.188b	Akademische Vorlesungen über Indische Li
159	WEBER	c.109	?  
156	CHĀND. UP. S.	1.170a	? 
152	RĀYAM.	1.253	RĀYAMUKUṬA, ein Commentator des AMARAKOṢ
152	BHARATA	c.126	?  
149	BRAHMAVAIV. P.	c.321	BRAHMAVAIVARTAPURĀṆA?  
147	AIT. UP.	1.009	AITAREYOPANIṢAD, nach der Ausgabe von RÖ
147	ĀPAST.	1.022	ĀPASTAMBA.
147	TAITT. PRĀT.	1.289	PRĀTIŚĀKHYA zur TAITTIRĪYASAM̃HITĀ. S. R
145	AV. PARIŚ.	1.030	PARIŚIṢṬA des ATHARVAVEDA.
145	VĀMANA	c.096	?  
142	BHŪRIPR.	1.044	BHŪRIPRAYOGA, ein Wörterbuch; nach Anfüh
140	WEST.	1.330	WESTERGAARD'S Radices (GILD. Bibl. 42).
140	ŚR.	c.052	?  
140	Verz. d. Cambr. H.	c.368	? 
134	DVIRŪPAK.	1.099	DVIRŪPAKOṢA, eine Sammlung von Wörtern, 
134	GṚHYASAṂGR.	1.115	GṚHYASAM̃GRAHAPARIŚIṢTA, 2 Prapāṭhaka vo
133	WILSON, SĀṂKHYAK.	1.270a	SĀṂKHYAKĀRIKĀ, ed. WILSON (GILD. Bibl. 2
132	CĀṆ.	1.151	CĀṆAKYA in HAEB. Chrest. S. 312--322.
130	HAEB. Anth.	c.156a	HAEB.  Anth.= ?  
129	ŚUK.	1.085	ŚUKASAPTATI in LASSEN'S Anthologie (GILD
126	AUSH.	c.021	? 
126	KĀLACAKRA	c.098	?  
125	KĀŚĪKH.	4.006	KĀŚĪKHAṆḌA, nach Anführungen in AUFRECHT
125	VARĀH.	c.264	?  
124	BRAHMA-P.	1.047	BRAHMAPURĀṆA in LASSEN'S Anthologie (GIL
124	MATSYA-P.	1.208	MATSYAPURĀṆA.
122	TITHYĀDIT.	2.044	TITHYĀDITATTVA; nach Anführungen im ŚKDR
120	RAGH. ed. Calc.	1.252a	RAGHUVAṂŚA, ed. Calc. (GILD. Bibl. 135).
119	VIŚVA.	c.110	?  
118	STENZLER	c.113	?  
115	DURGA	c.114	?  
114	As. Res.	1.025	Asiatick Researches; or, transactions of
111	KṢITĪŚ.	c.053	?  
111	NYĀYAS.	c.057	?  
110	BĀLAB.	1.032	BĀLABODHANĪ in WINDISCHMANN'S Sancara (G
104	Z.	c.365	?  
101	ŚṚṄGĀRAT.	1.083	ŚṚṄGĀRATILAKA, ed. GILDEMEISTER (GILD. B
101	DHANV.	c.056	?  
97	KĀLIKĀ-P.	1.150	KĀLIKĀPURĀṆA, nach Anführungen im ŚKDR.
96	SKANDA-P.	1.280	SKANDAPURĀṆA.
96	AṢṬĀV.	c.018	? 
95	DHŪRTAS. in LA.	1.095a	DHŪRTASAMĀGAMA in LASSEN'S Anthologie (G
94	SVĀMIN	c.252	?  
93	RAMĀN.	1.254	RAMĀNĀTHA, ein Commentator des AMARAKOṢA
92	RĀJAV.	1.250	RĀJAVALLABHA, nach Anführungen im ŚKDR.
91	BR.	c.081	?  
88	VEDĀNTAS.	1.312	VEDĀNTASĀRA, ed. Calc. (Gild. Bibl. 279)
88	Verz. d. Tüb. H.	c.372	? 
86	PRĀYAŚCITTEND.	c.063	?  
85	VṚDDHA-CĀṆ.	c.366	VṚDDHACĀṆAKYA ? 
83	SĀMAVIDH. BR.	c.012	? 
83	N. (BOPP)	c.2077	? 
82	RATNĀV.	1.260	RATNĀVALĪ, ed. Calc. (GILD. Bibl. 214).
82	GAṆIT.	c.074a	GAṆITĀDHYĀYA?  
82	ROTH	c.139	?  
82	HIT. ed. JOHNS.	c.172b	?  
80	ST.	1.281	STENZLER.
79	HAUGHTON	1.005	A Dictionary Bengali and Sanskrit, expla
76	KENOP.	1.168	KENOPANIṢAD in der Bibliotheca indica.
74	ŚIVA-P.	c.267a	ŚIVAPURĀṆA ?  
73	MUDRĀR.	1.217	MUDRĀRĀKṢASA, ed. Calc. (GILD. Bibl. 213
72	TAITT. BR.	1.288	TAITTIRĪYABRĀHMAṆA.
70	KÖPPEN	c.774	? 
69	MATSYOP.	1.209	MATSYOPĀKHYĀNA, ed. BOPP (GILD. Bibl. 10
68	LASSEN	c.116	?  
68	AUFRECHT, HALĀY.	c.2072	? 
67	ADBH. BR.	1.003	ADBHUTABRĀHMAṆA.
67	BRĀHMAṆA	c.106	?  
67	KERN	c.111	?  
67	NĀRADA	c.182	?  
66	GHAṬ.	1.108	GHAṬAKARPARA, ed. Calc. (GILD. Bibl. 162
66	KĀTY.	1.158	KĀTYĀYANA.
65	GĀRUḌA-P.	c.354	GĀRUḌA-PURĀṆA ? 
64	REINAUD, Mém. sur l'Inde	1.214b	? 
64	DEVĪ-P.	2.009	DEVĪPURĀṆA; nach Anführungen im ŚKDR.
64	Vie de HIOUEN-THSANG	c.449	 ? 
64	Ind.	c.2027	? 
63	DĀYABH.	1.089a	DĀYABHĀGA, ed. Calc. 1829 (GILD. Bibl. 3
62	SIDDHĀNTAŚIR.	1.277	SIDDHĀNTAŚIROMAṆI, nach Anführungen im Ś
62	WIND. Sancara	1.332	FRID. H. H. WINDISCHMANNI Sancara sive d
62	TROYER	c.123	?  
62	EKĀKṢARAK.	c.129	?  
61	CĀT.	1.154	Gedicht vom Vogel Cātaka in der Zeitschr
60	GṚHYAS.	c.058	?  
60	HAUGHT.	c.108	?  
60	DURGĀD.	c.165	?  
59	MOLESW.	2.030	A Dictionary Murathee and English by YAM
58	Mél. asiat.	1.213	Mélanges asiatiques tirés du Bulletin hi
58	SĀRAS.	1.271	SĀRASUNDARĪ, ein Commentar zum AMARAKOṢA
58	Verz. d. Pet. H.	1.316	BÖHTLINGK'S Verzeichniss der Petersburge
58	GOP. BR.	c.384	GOPATHABRĀHMAṆA ? 
57	ĪŚOP.	1.132	ĪŚOPANIṢAD in der Bibliotheca indica.
57	KĀVYAPR.	c.060	?  
56	MAŚ.	1.191	MAŚAKA'S KALPASŪTRĀṆI.
56	BALA	c.025	? 
56	HĀLA	c.100	?  
55	MĀṆḌ. UP.	1.205a	GAUḌAPĀDA'S Kārikā zur MĀṆḌ. UP. in der 
54	ITIH.	1.137	ITIHĀSA.
54	KAIY.	1.146	KAIYAṬA, ein Erklärer von PATAÑJALI'S MA
52	BHAVIṢYA-P.	c.388	BHAVIṢYAPURĀṆA ? 
51	PĀRŚVANĀTHAK.	c.059	?  
50	JYOT.	1.111	JYOTIṢA.
50	VIKRAM.	1.320a	VIKRAMORVAŚĪ, ed. BOLLENSEN (GILD. Bibl.
50	MADHYAM.	4.007	MADHYAMAKAVṚTTI, handschriftlich in der 
50	GAṆITĀDHY.	c.074	GAṆITĀDHYĀYA ?  
50	MAHĀBH.	c.155	?  
50	SAM̃GĪTADĀM.	c.183	?  
49	BHĀG.	c.033	? 
47	NIDĀNA	c.099	?  
47	MÜLLER	c.362	? 
47	PADMA-P.	c.404	PADMAPURĀṆA ? 
46	ANUKR.	1.020	ANUKRAMAṆIKĀ.
46	DĀY.	1.089	DĀYABHĀGA, ed. Calc. 1829 (GILD. Bibl. 3
46	VĀRĀHA-P.	c.374	? 
46	UTPALA	c.441	 ? 
44	VAIDY.	1.300	VAIDYAKA.
44	AINSLIE	c.103	?  
43	TANTRAS.	1.290	TANTRASĀRA, nach Anführungen im ŚKDR.
43	VĀCASP.	1.303	VĀCASPATI.
43	VYAVAHĀRAT.	1.323	VYAVAHĀRATATTVA, ed. Calc. (GILD. Bibl. 
43	LĀTY.	c.061	?  
43	TANTRASĀRA	c.188	?  
42	LIṄGA-P.	1.187	LIṄGAPURĀṆA.
42	WASSILYEW	c.095a	В. Васильевъ. Буддизмъ, его догматы, ист
42	HAEB.	c.156	?  
42	BṚHADD.	c.191	?  
42	WEBER, PRATIJÑĀS.	c.2111	? 
41	MAHĀBH. lith. Ausg.	c.155a	?  
41	AJAYAPĀLA	c.184	?  
40	UṆ.	c.062	?  
39	AŚOKĀVAD.	c.064	AŚOKĀVADĀNA?  
39	MAHĀVĪRAC.	c.066	?  
38	VEṆĪS.	2.050	VEṆĪSAM̃HĀRA; nach Anführungen im ŚKDR.
38	NĀGĀN.	c.071	?  
38	GOLD.	c.115	?  
38	ŚABDĀRTHAKALPATARU	c.185	?  
38	JYOTISTATTVA	c.190	?  
38	Chr.	c.1546	?  
38	Kap.	c.1898	?  
37	PRASAṄGĀBH.	c.067	?  
37	HIOUENTHSANG	c.102	?  
37	KĀD.	c.186	?  
36	VIVĀDAC.	1.322	VIVĀDACINTĀMAṆI, ed. Calc. (GILD. Bibl. 
36	GOLD. MĀN.	3.003	MĀNAVA-KALPA-SŪTRA; being a portion of t
36	ŚĀṆḌ.	c.070	bhakti-sūtra, by śāṇḍilya  
36	MAD.	c.076	?  
36	AJAYA	c.187	?  
36	KUMĀRILA	c.193	?  
36	TS. Comm.	c.2150	? 
35	SOM. NALA	3.014a	SOM. NALA
35	ANUPADA	c.016	? 
35	CHANDAS	c.287	?  
35	BHAṬṬOTP.	c.892	?  
34	MUIR, Sanskrit Texts	3.009b	MUIR, Sanskr. Texts ?
34	AMṚTAN. UP.	c.379	? 
33	LANGLOIS	c.121	 Alexandre Langlois (1788-1854), French 
32	RATIM.	1.257	RATIMAÑJARĪ, ein Werk über Erotik; nach 
31	BĀDAR.	c.023	? 
31	DHANAM̃JAYA	c.189	?  
31	VĀMANA-P.	c.2105	? 
30	MĀLAT.	1.201	MĀLATĪMĀDHAVA, ed. Calc. (GILD. Bibl. 21
30	BALLANT.	c.027a	BALLANTYNE ? 
30	KĀTH.	c.069	?  
30	SMṚTI	c.198	?  
29	ŚĀRṄG. PADDH.	1.072	ŚĀRṄGADHARA'S PADDHATI; vgl. Bulletin hi
29	MAHĀN.	2.026	MAHĀNĀṬAKA (GILD. Bibl. 220).
29	KIRĀT.	c.065	?  
29	CŪLIKOP.	c.194	?  
28	BṚH. DEV.	1.054	BṚHADDEVATĀ; S. R{%O%}TH, zur L. u. G. d
28	LALIT. Calc	1.182	LALITAVISTARA in der Bibliotheca indica.
28	KṚṢIS.	c.073	?  
28	TR.	c.128	?  
28	UDBHAṬA	c.196	?  
28	PRĀYAŚCITTAT.	c.216	?  
28	Verz. d. Kop. H.	c.369	? 
27	MADAN.	c.068	?  
27	NIDĀNAS.	c.078	?  
27	JOHNS.	c.172	?  
26	KŪRMA-P.	1.177	KŪRMAPURĀṆA.
26	MAHĀNĀR. UP.	1.195	MAHĀNĀRĀYAṆOPANIṢAD.
26	Zur L. u. G. d. W.	1.339a	Zur Literatur und Geschichte des Weda. D
26	SOM. NAL.	3.014	Die Sage von NALA und DAMAYANTI nach der
26	BALL.	c.026	BALLANTYNE ? 
26	BALLANTYNE	c.027b	? 
26	BROCKHAUS	c.134	?  
25	ĀNANDAL.	1.015	ĀNANDALAHARĪ in HAEB. Chrest. S. 246. fg
25	UPAL.	1.298	UPALEKHA de KRAMAPĀṬHA libellus. Ed. G. 
25	KĀTANTRA	c.101	?  
25	AJAYAP.	c.135	?  
25	ĀRYABH.	c.468	?  
25	MĀTSYA-P.	c.775	? 
24	KAVIKALPADR.	1.165	KAVIKALPADRUMA, eine Wurzelsammlung; nac
24	ĀPASTAMBA	c.091	? 
24	WESTERGAARD	c.120	?  
24	FOUCAUX	c.140	?  
24	KAIYY.	c.272	?  
23	DURGAD.	1.098	DURGĀDĀSA.
23	UTTARAR. ed. Cow.	c.004	? 
23	PURĀṆA.	c.132	?  
23	MAŚAKA	c.276	?  
23	VAHNI-P.	c.373	VAHNIPURĀṆA ? 
23	ROSEN	c.416	? 
23	GOLĀDHY. BHUVANAK.	c.1643a	?  
22	KAUṢ. BR.	1.163	KAUṢĪTAKIBRĀHMAṆA.
22	PAÑCAT. ed. Bomb.	1.233c	? [Cologne addition]
22	RATNĀK.	c.192	?  
22	SĀH.	c.474	?  
22	Gött. gel. Anz.	c.765	? 
21	HORĀŚ.	1.129	HORĀŚĀSTRA.
21	NYĀYA-S.	1.229	GOTAMA'S NYĀYASŪTRĀṆI, ed. Calc. (GILD. 
21	VAITĀN.	c.072	?  
21	ŚIŚUP.	c.077	?  
21	NĀṬYAŚ.	c.079	NĀṬYAŚĀSTRA ?  
21	WHITNEY	c.299	?  
21	YOGAYĀTRĀ	c.797	?  
20	KĀLAS.	1.148	KĀLASAṂKALITA, citirt nach HAUGHTON'S Wö
20	KOṢṬHĪPR.	1.173	KOṢṬHĪPRADĪPA, nach Anführungen im ŚKDR.
20	NID.	c.082	?  
20	MAH.	c.152	?  
20	HĀRĪTA	c.197	?  
20	AGNI-P.	c.383	AGNIPURĀṆA ? 
20	PADDH.	c.894	?  
20	RÖER	c.2159	? 
19	AUFR.	c.146	?  
19	BÖHTLINGK	c.377	? 
19	NIGH.	c.463	?  
19	TRIPRAŚN.	c.470	?  
19	ŚĀŚVATA	c.756a	? 
19	Verz. d. Oxf.	c.887	? 
18	BĀLAR.	c.024	? 
18	VAJRAS.	c.084	?  
18	TARKASAM̃GR.	c.088	?  
18	PURĀṆA	c.131	?  
18	BHŪRIPRAYOGA	c.195	?  
18	ALBYROUNY	c.206	?  
18	BRAHMAP.	c.210	?  
18	SIDDH.	c.222	?  
18	KALKI-P.	c.356	? 
18	UP.	c.440	 ? 
18	SPAṢṬĀDH.	c.462	?  
18	WEBER, Omina	c.1894	?  
17	MALAMĀSAT.	1.200	MALAMĀSATATTVA (GILD. Bibl. 325), nach A
17	Mat. ind.	1.207a	Materia indica ? 
17	GILD.	2.013	Scriptorum Arabum de Rebus Indi- cis loc
17	UDVĀHAT.	2.046	UDVĀHATATTVA; nach Anführungen im ŚKDR.
17	NYĀYAMĀLĀV.	4.009	NYĀYAMĀLĀVISTARA, nach Anführungen bei M
17	SCHIEFNER	c.138	?  
17	VAIDYAKA.	c.162	?  
17	KAVIKALPADRUMA	c.203	?  
17	JĀBĀLOP.	c.204	?  
17	BṚHASPATI	c.207	?  
17	KUHN	c.223	?  
17	B.	c.377b	BÖHTLINGK ?  usu. preceded by 'z.'
17	PĀDMA-P.	c.409	PADMAPURĀṆA (misspell of PADMA-P.?) 
17	ŚAT.	c.519	?  
16	GARBHOP.	1.104	GARBHOPANIṢAD.
16	MĀDHAVAK.	1.192	MĀDHAVAKĀRA.
16	VĀSAV.	1.310	VĀSAVADATTĀ; s. Z. d. d. m. G. VIII, 530
16	ANNADĀKALPA	c.015	? 
16	ŚAK.	c.085	?  
16	KṢITĪŚAV.	c.089	?  
16	BOPP	c.143	?  
16	ANEKĀRTHAK.	c.202	?  
16	CAREY	c.205	?  
16	VIṢṆU	c.213	?  
16	ŚAUNAKA	c.225	?  
16	PRAYOGAR.	c.475	?  
16	MUIR	c.1370	?  
15	BHĀG. P. ed. Bomb.	1.036a	BHĀG. P. ed. Bomb.= BHĀGAVATAPURĀṆA, Bom
15	BRAHMĀṆḌA-P.	1.046	BRAHMĀṆḌAPURĀṆA.
15	BṚHASP.	1.053	BṚHASPATI, Verfasser eines Gesetzbuchs; 
15	Mél. as.	1.213a	Mél. asiat. ?
15	ROXB.	1.261b	? 
15	UPAG. AV.	3.015	UPAGUPTĀVADĀNA, handschriftlich in der B
15	KṚṢISAM̃GR.	c.086	?  
15	DṚṢṬĀNTAŚ.	c.087	?  
15	GAṆARATNAM.	c.133	?  
15	SCHLEGEL	c.157	?  
15	DHARAṆĪ	c.201	?  
15	JYOTIST.	c.209	?  
15	ŚUDDHIT.	c.235	?  
15	MĀDHAVA	c.260	?  
15	SCHÜTZ	c.427	? 
15	VARĀHA-P.	c.443	 ? 
15	GRAHAṆAV.	c.1621	?  
14	ŚABDĀRṆ.	1.062	ŚABDĀRṆAVA, ein Wörterbuch; nach Anführu
14	PUR.	1.244	PURĀṆA.
14	SAṂGĪTAD.	1.269	SAM̃GĪTADĀMODARA (über Musik), nach Anfü
14	WINDISCHMANN, Sancara	1.332b	FRID. H. H. WINDISCHMANNI Sancara sive d
14	KATHOP.	c.080	?  
14	BURNOUF.	c.122	?  
14	VAIDYAKAPAR.	c.200	?  
14	DRAVYAR.	c.208	?  
14	KATHĀRṆAVA	c.218	?  
14	ŚRĪPATI	c.221	?  
14	SMARADĪPIKĀ	c.239	?  
14	YAMA	c.241	?  
14	PRAŚNOTTARAM.	c.465	?  
14	SĀṂKHYAPR.	c.544	?  
14	VARARUCI	c.795	?  
14	MATHUREŚA	c.893	?  
13	KĀṬH. ANUKR.	1.028d	ANUKRAMAṆIKĀ des  ? [Cologne addition]
13	BRAHMAV. P.	1.048	BRAHMAVAIVARTAPURĀṆA.
13	MAHĀV.	1.196	MAHĀVĪRACARITA. The Mahá Víra Charita, o
13	v. l.	1.325	varia lectio.
13	RĀMAT. UP.	c.007a	? 
13	BHĀR. NĀṬYAŚ.	c.036	? 
13	DAŚABHŪM.	c.083	?  
13	STENZLER.	c.124	?  
13	CARAṆAVYŪHA	c.238	?  
13	VĀCASPATI	c.254	?  
13	CANDRA	c.270	?  
13	RANTIDEVA	c.295	?  
13	BÜHLER	c.378	? 
13	BRAHMAS.	c.559	?  
13	KṚṢṆAJ.	c.709a	?  
13	ŚĀNTIKALPA	c.790	?  
13	COWELL	c.806	Edward Byles Cowell (1826-1903), first p
13	BHAṬṬOTPALA	c.896	?  
13	GAUḌA	c.905	?  
13	Z. f.	c.1590	?  
12	KĀVYA-PR.	1.167	KĀVYAPRAKĀŚA, ed. Calc. (GILD. Bibl. 265
12	VARĀH. LAGHUJ.	1.180b	VARĀHAMIHIRA'S LAGHUJĀTAKA. 
12	MAITR. UP.	1.199	MAITRĀYAṆYUPANIṢAD.
12	NĀR.	1.223	NĀRĀYAṆA, ein Scholiast von ŚAṄKH. GṚHY.
12	D.	1,267a	SĀHITYADARPAṆA, ? 
12	LĪLĀV.	2.025	LĪLĀVATĪ.
12	DAŚABH.	3.002	DAŚABHŪMĪŚVARA, handschriftlich in der P
12	ANUPADAS.	c.017	? 
12	BENFEY.	c.032	? 
12	GAṆARATN.	c.161	?  
12	ŚABDĀRṆAVA	c.231	?  
12	PARĀŚARA	c.233	?  
12	ŚAṄKHA	c.237	?  
12	VEṆĪSAM̃H.	c.243	?  
12	RABHASA	c.248	?  
12	MĀDH.	c.281	?  
12	UVAṬA	c.322	?  
12	DEVĪM.	c.341	?  
12	KAṆĀDA	c.357	? 
12	SUBHĀṢ.	c.464	?  
12	PĀDMOTTARAKH.	c.469	?  
12	CAKRAD.	c.481	?  
12	KĀṬY.	c.527	?  
12	AIT.	c.672	?  
12	PĀR.	c.955	?  
12	MONIER WILLIAMS	c.1351	? 
12	KĀṆVA	c.1417	?  
12	Hindu Th.	c.1688	? 
11	ĀRUṆ. UP.	1.024	ĀRUṆIKOPANIṢAD.
11	BENF. Gr.	1.034	BENFEY, Vollständige Grammatik der Sansk
11	RĀJA-TAR. ed. Calc.	1.249b	RĀJATARAṄGIṆĪ,  Calc. Ausg. (GILD. Bibl.
11	RASAM.	1.256	RASAMAÑJARĪ (s. Verz. d. B. H. {%N;%} 59
11	VARĀH. L. JĀT.	1.308	VARĀHAMIHIRA'S LAGHUJĀTAKA.
11	VP. (2te Aufl.)	1.327a	? 
11	BAUDH.	2.002	BAUDHĀYANA.
11	BṚHADDHARMA-P.	2.004	BṚHADDHARMAPURĀṆA; nach Anführungen im Ś
11	ŚRĀDDHAT.	2.007	ŚRĀDDHATATTVA; nach Anführungen im ŚKDR.
11	Nakṣ.	4.018a	WEBER, Die vedischen Nachrichten von den
11	BROCKH.	c.179	?  
11	DEVALA	c.211	?  
11	VAIDYAKAPARIBHĀṢĀ	c.215	?  
11	DHARAṆI	c.236	?  
11	KAIVALYOP.	c.242	?  
11	DĪPIKĀ	c.268	?  
11	YĀDAVA	c.317	?  
11	DIVYĀVAD.	c.353	DIVYĀVADĀNA ? 
11	BHAVIṢYOTTARA-P.	c.389b	BHAVIṢYOTTARAPURĀṆA ? 
11	REINAUD, Mém. sur I'Inde	c.413a	? 
11	KAPILA	c.798	?  
11	Hist. de la vie de HIOUEN-THSANG	c.1689	? 
11	VIŚVAPR.	c.1892a	?  
10	AGNISV.	1.006	AGNISVĀMIN, ein Scholiast des LĀṬYĀYANA.
10	ĀHNIKAT.	1.007	ĀHNIKATATTVA.
10	Journ. asiat.	1.143a	Journal asiatique.
10	MĀLAV. ed. Bomb.	1.202a	 MĀLAVIKĀGNIMITRA, Bombay edition 
10	DRĀHY.	2.010	DRĀHYĀYAṆA.
10	PARĀŚARAPADDH.	2.033	PARĀŚARAPADDHATI; nach Anführungen im ŚK
10	BANERJEA	4.001	Dialogues on the Hindu Philosophy, compr
10	BHĀGURI	c.034	? 
10	BHĀMINĪV.	c.035a	BHĀMINĪVILĀSA ? 
10	PĀṆINI	c.130	?  
10	UPANIṢAD	c.141	?  
10	WEBER.	c.147	?  
10	VOIGT	c.160	?  
10	NĀNĀRTHARATNAM.	c.176	?  
10	KĀLIDĀSA	c.180	?  
10	UJJVALANĪLAMAṆI	c.212	?  
10	PĀKARĀJEŚVARA	c.217	?  
10	ŚATAR.	c.220	?  
10	SUKHABODHA	c.224	?  
10	TITHIT.	c.244	?  
10	UŚANAS	c.256	?  
10	YAVANEŚVARA	c.259	?  
10	DHYĀNABINDŪP.	c.275	?  
10	BRAHMAVAIV-P.	c.321c	BRAHMAVAIVARTAPURĀṆA?  
10	WOLLH. Myth.	c.459	 ? 
10	RĀGHAVAP.	c.466	?  
10	KĀṆ.	c.467	?  
10	KĀŚIKH.	c.510	?  
10	TRIPR.	c.517	?  
10	PR.	c.531	?  
10	YOGAY.	c.552	?  
10	MĀN.	c.681	?  
10	ŚĀṄKH.	c.936	?  
10	Monatsberr. d. K. Pr. Ak. d. Ww.	c.1503	? 
10	CHEDYAK.	c.1556	?  
9	ĀŚV. GṚHY. PARIŚ.	1.002a	? [Cologne addition]
9	AV. ANUKR.	1.028	ANUKRAMAṆIKĀ des ATHARVAVEDA, 10 Paṭala.
9	BHĀNUD.	1.037	BHĀNUDĪKṢITA, ein Commentator des AMARAK
9	COLEBR. Misc.	1.081c	COLEBROOKE'S Miscellaneous Essays. 2 Bän
9	ŚUKAS.	1.085a	ŚUKASAPTATI in LASSEN'S Anthologie (GILD
9	WEBER, Ind. Lit.	1.135b	? 
9	PRĀT.	1.242	PRĀTIŚĀKHYA.
9	RATNAK.	1.258	RATNAKOṢA, ein Wörterbuch; nach Anführun
9	Fl. ind.	1.261a	? 
9	Verz. d. Kopenh. H.	1.315	WESTERGAARD'S Verzeichniss der Kopenhage
9	NĀNĀRTHADHVANIM.	c.014	NĀNĀRTHADHVANIMAÑJARĪ  
9	MANU	c.142	?  
9	GILDEMEISTER	c.144	?  
9	KAVIKALPALATĀ	c.214	?  
9	VYĀSA	c.226	?  
9	KULĀRṆAVAT.	c.228	?  
9	VASIṢṬHA	c.229	?  
9	SĀRASVATA	c.232	?  
9	VĀYUP.	c.249	?  
9	GAUTAMA	c.303	?  
9	MADANAV.	c.325	?  
9	GARGA	c.349	?  
9	GARUḌA-P.	c.354a	GARUḌA-PURĀṆA ?  
9	DEVĪBHĀG. P.	c.395	DEVĪBHĀGAVATAPURĀṆA ? 
9	KAUṢ. ĀR.	c.773	? 
9	VAJRASŪCI	c.802	?  
9	RĀMĀŚR.	c.895	?  
9	RĀMĀŚRAMA	c.897	?  
9	SUBHŪTI	c.899	?  
9	MUKUṬA	c.910	?  
9	MUIR, Sanscrit Texts	c.1353	? 
9	BOLLENSEN	c.1373	?  
9	RĀMAT.	c.1705	? 
9	PRAKṚTIKH.	c.1717	?  
9	KĀTY. ŚR. S.	c.1901	?  
8	Misc. Ess.	1.081b	COLEBROOKE'S Miscellaneous Essays.? 
8	HAEB. Chrest.	1.117	KĀVYA-SANGRAHA. A Sanscrit Anthology, be
8	KĀṬ.	1.153	KĀṬAVEMA, ein Scholiast des ŚĀKUNTALA.
8	PARĀŚ.	1.234	PARĀŚARA, Verfasser eines Gesetzbuchs; n
8	KĀTY. PADDH.	2.022	YĀJÑIKADEVA'S PADDHATI zu KĀTYĀYANA'S ŚR
8	MATHURĀN.	2.029	MATHURĀNĀTHA, ein Schol. des AK.; nach A
8	TANTRA.	c.168	?  
8	POLEY	c.170	?  
8	DEVAR.	c.174	?  
8	RAJAN.	c.219	?  
8	RĀJAVALLABHA	c.250	?  
8	YUKTIKALPATARU	c.265	?  
8	KĀŚĪKHAṆḌA	c.266	?  
8	RUDRA	c.278	?  
8	ṢAḌGURUŚ.	c.292	?  
8	BHAVIṢYOTT. P.	c.389	BHAVIṢYOTTARAPURĀṆA ? 
8	Ross	c.418	? 
8	ST. JULIEN	c.430a	? 
8	WOLLHEIM, Myth.	c.459a	 ? 
8	KṢITĪŚĀV.	c.472	?  
8	YĀJN.	c.473	?  
8	MADHY.	c.476	?  
8	KUMARĀS.	c.477	?  
8	MĀRK.	c.508	?  
8	FOUC.	c.512	?  
8	ĀŚV.	c.521	?  
8	NĀṬY.	c.745	?  
8	MERUTANTRA	c.791	?  
8	Verz. der Oxf. H.	c.890	? 
8	RĀMĀŚRAYA	c.898	?  
8	KṢĪRASV.	c.902	?  
8	ŚĀṂK.	c.911	?  
8	PĀTĀLAKH.	c.1023	?  
8	GOLDST.	c.1204	?  
8	Lois.	c.1606	?  
8	VARĀH. LAGH.	c.1686	? 
7	ŚĀRṄG.	1.071	ŚĀRṄGADHARA.
7	ŚATAR. UP.	1.073	ŚATARUDRIYOPANIṢAD.
7	GAṆAR.	1.103	GAṆARATNAMAHODADHI, s. BÖHTLINGK, Einlei
7	YAVANEŚV.	1.141	YAVANEŚVARA.
7	KAIV. UP.	1.147	KAIVALYOPANIṢAD.
7	KOṢṬHĪPRADĪPA	1.173a	KOṢṬHĪPRADĪPA, nach Anführungen im ŚKDR.
7	RĀṢṬRAPĀLAP.	3.012	RĀṢTRAPĀLAPARIPṚCCHĀ, handschriftlich in
7	LANGLOIS.	c.136	?  
7	J.	c.148	?  
7	SĀYAṆA	c.158	?  
7	BOPP.	c.177	?  
7	UṆĀDIVR.	c.230	?  
7	PULASTYA	c.234	?  
7	KARMALOCANA	c.255	?  
7	SKANDAP.	c.258	?  
7	UṆĀDIVṚTTI	c.261	?  
7	DĀYAT.	c.269	?  
7	MATSYAP.	c.271	?  
7	CARAṆAVY.	c.286	?  
7	PURR.	c.326	?  
7	BÖHTL.	c.377a	? 
7	BHAVIṢYOTTARAPURĀṆA	c.389c	BHAVIṢYOTTARAPURĀṆA ? 
7	BṚHANNĀRAD. P.	c.390	BṚHANNĀRADAPURĀṆA ? 
7	PERTSCH	c.406	? 
7	VIṢṆU'S DHARMAŚ.	c.446	 ? 
7	VAIT.	c.471	?  
7	KAURAP.	c.480	?  
7	YAJÑAD.	c.482	?  
7	VĪR.	c.483	?  
7	VIKRAMAC.	c.524	?  
7	KĀLAM.	c.538	?  
7	BHAVIṢYOTTARAP.	c.747	?  
7	CAKRADATTA	c.796	?  
7	PANDIT	c.857	?  
7	Verz. d. Tüb. Hdschr.	c.888	? 
7	ŚRĪDHARASV.	c.934	?  
7	AMARAMĀLĀ	c.957	?  
7	GOLAB.	c.1559	?  
7	AR. UP.	c.1683	? 
7	ŚRĪKṚṢṆAJANMAKH.	c.1719	?  
7	ŚATAKĀV.	c.2070	?  
6	BRAHMA-S.	1.049	BRAHMASŪTRA, nach Anführungen in WIND. S
6	Bull. hist.-phil.	1.055	 Bulletin historico-philologique de l'Ac
6	WILSON, DAŚAK.	1.088a	DAŚAKUMĀRACARITA, ed. WILSON (GILD. Bibl
6	DIVYA-AV.	1.096	DIVYĀVADĀNA, eine buddhistische Legenden
6	JĀB. UP.	1.101	JĀBĀLOPANIṢAD.
6	GORRESIO	1.112a	Gaspare Gorresio, translator of RĀMĀYAṆA
6	NAVAR.	1.224	NAVARATNA in HAEB. {%C%}hrest. S. 1--3.
6	PRĀYAŚCITTAV.	1.241	PRĀYAŚCITTAVIVEKA, nach Anführungen im Ś
6	R. ed. Ser.	1.247c	Serampore ed. of Rāmāyaṇa [Cologne addit
6	Verz. d. B.	1.314a	{1.314} ? 
6	JYOTIṢAT.	2.014	JYOTIṢATATTVA; nach Anführungen im ŚKDR.
6	Notices	c.001	Notices of Skt. Mss. 
6	UTTARARĀMAC. ed. Cow.	c.004b	? 
6	AŚOKĀV.	c.064a	AŚOKĀVADĀNA?  
6	BHĀSKARA	c.090	? 
6	FOUCAUX.	c.137	?  
6	DURGA.	c.145	?  
6	TROYER.	c.150	?  
6	RĀMĀYAṆA	c.175	?  
6	DĪP.	c.240	?  
6	SĀRASV.	c.246	?  
6	ŚABDĀRTHAKALP.	c.247	?  
6	SAM̃GĪTARATNĀKARA	c.251	?  
6	TANTRA	c.253	?  
6	ŚABDAK.	c.257	?  
6	HAḌḌACANDRA	c.263	?  
6	VIJAYARAKṢITA	c.274	?  
6	JYOTIṢA	c.290	?  
6	RUDRAYĀMALA	c.313	?  
6	VIṢṆUDHARMOTTARA	c.314	?  
6	PAIṬHĪNASI	c.315	?  
6	BRAHMAVAIV.-P.	c.321a	BRAHMAVAIVARTAPURĀṆA?  
6	ĀRUṆIKOP.	c.343	?  
6	REINAUD	c.413	? 
6	Rosse	c.418a	? 
6	ĀNANDALAH.	c.479	?  
6	BHAGAṆĀDH.	c.484	?  
6	VṚDDHACĀṆ.	c.485	?  
6	PRATYABDAŚ.	c.516	?  
6	BHAGRAHAY.	c.554	?  
6	UTTAR.	c.742	?  
6	Bibl. Ind.	c.755	? 
6	MATSYASŪKTA	c.812	?  
6	GOVARDHANA	c.822	?  
6	GOBH	c.826	?  
6	JĀTAKAMĀLĀ	c.833	?  
6	VĪRAMITRODAYA	c.876	?  
6	MALL.	c.900	?  
6	HAUG	c.907	?  
6	BRAHMAVAIV.	c.909	?  
6	ṢAḌGURUŚIṢYA	c.913	?  
6	KATHĀRṆ.	c.966	?  
6	TAITT.	c.1055	?  
6	PARIŚIṢṬA	c.1163	?  
6	ŚIVA	c.1397	?  
6	BOHLEN	c.1478	?  
6	NĪLAK	c.1480	?  
6	HAEB. Anthol.	c.1695	? 
6	YANTRĀDH.	c.1718	?  
6	ŚRUT. (BR.)	c.2078	? 
5	AVAD. ŚAT.	1.027	AVADĀNAŚATAKA, eine buddhistische Legend
5	BURNOUF Intr.	1.056a	BURNOUF, Introduction à l'histoire du Bu
5	Śl.	1.079	Śloka.
5	DURGĀDĀSA	1.098a	DURGĀDĀSA ? 
5	Index des KANDYUR	1.133c	Index des KANDYUR. Herausgegeben von der
5	YAJ. V.	1.140	YAJURVEDA.
5	KĀVYAC.	1.166	KĀVYACANDRIKĀ, ein Lehrbuch der Rhetorik
5	MAŚ. S.	1.191a	MAŚAKA'S KALPASŪTRĀṆI.
5	MAÑJUŚRĪN.	1.206	ĀRYAMAÑJUŚRĪNĀMASAM̃GĪTI, s. Verz. d. Pe
5	NĪL.	1.226	NĪLAKAṆṬHA, ein Scholiast des MAHĀBHĀRAT
5	PUṢPAS.	1.246	PUṢPASŪTRA.
5	SIDDH. ŚIR.	1.277a	SIDDHĀNTAŚIROMAṆI, nach Anführungen im Ś
5	SUŚRUTA	1.282a	SUŚRUTA 
5	ŚĀKAṬ.	2.005	ŚĀKAṬĀYANA, ein Schol. des ŚĀK.
5	KARMAPRAD.	2.021	KARMAPRADĪPA.
5	RAGHUN.	2.036	RAGHUNANDANABHAṬṬĀCĀRYA, ein Scholiast d
5	Trans. R. A. S.	2.045	The Transactions of the Royal Asiatic So
5	BENF.	c.031	? 
5	BHĀṢĀPAR.	c.038	BHĀṢĀPARICCHEDA nach der Ausgabe von RÖE
5	BROCKHAUS.	c.149	?  
5	MIKLOSICH	c.154	Franz Miklosich (1813-1891) a Slovene ph
5	KĀD. (ed. Calc. 1862)	c.186a	KĀD.(?), Calcutta edition  
5	BHAVADEVABHAṬṬA	c.262	?  
5	ŚIVAP.	c.267	ŚIVAPURĀṆA ?  
5	GAṬĀDH.	c.273	?  
5	RATNĀKARA	c.279	?  
5	AMṚTAVINDŪP.	c.282	?  
5	RUDRAYĀM.	c.283	?  
5	TITHYĀDITATTVA	c.285	?  
5	DRAVYAGUṆA	c.297	?  
5	PRAKṚTIKHAṆḌA	c.300	?  
5	KĀLIKĀP.	c.305	?  
5	HAḌḌA	c.316	?  
5	MUṆḌAMĀLĀTANTRA	c.318	?  
5	NĀGEŚA	c.320	?  
5	CAKRAPĀṆIDATTA	c.329	?  
5	JATĀDH.	c.333	?  
5	ĀHNIKĀCĀRAT.	c.335	?  
5	ŚĀTĀTAPA	c.339	?  
5	ĀGNEYA-P.	c.385	ĀGNEYAPURĀṆA? 
5	Or. und Occ.	c.408	? 
5	WHITE	c.455	 ? 
5	AVADĀNAŚ.	c.478	?  
5	SARASVATĪK.	c.486	?  
5	KĀLAC.	c.490	?  
5	SĀDHANAM.	c.494	?  
5	PĀTĀDH.	c.495	?  
5	LALITAV.	c.518	?  
5	Ś.	c.534	?  
5	NAIG.	c.548	?  
5	ADHYĀTMAR.	c.567	?  
5	LASS.	c.572	?  
5	ŚVETĀŚV.	c.624	?  
5	GIT.	c.645	?  
5	UTT.	c.664	?  
5	NĀRAS. P.	c.777	? 
5	PRAYOGARATNA	c.803	?  
5	HARIBHAKTIVILĀSA	c.807	?  
5	KULĀRṆAVA	c.853	?  
5	BRUCE	c.854	?  
5	SĀRASUNDARĪ	c.901	?  
5	VINĀYAKA	c.904	?  
5	NAYANĀNANDA	c.912	?  
5	KARKA	c.916	?  
5	DEVARĀJA	c.926	?  
5	MAITR.	c.946	?  
5	JAGADDHARA	c.971	?  
5	ŚAṂKARĀCĀRYA	c.1053	?  
5	NILAK.	c.1141	?  
5	ĀNANDAGIRI	c.1150	?  
5	KĀṬHAKA	c.1295	?  
5	HOMER	c.1371	?  
5	NIRUKTA	c.1374	?  
5	MOLESWORTH	c.1379	?  
5	BOLL.	c.1380	?  
5	RAKṢITA	c.1386	?  
5	HESSLER	c.1455	?  
5	VAṂŚABR.	c.1507	? 
5	SAJJANA	c.1565	?  
5	MAHĀBHĀṢYA	c.1624	?  
5	HAṬṬAC.	c.1690	? 
5	JĀT.	c.1694	? 
5	NARASIṂHA-P.	c.1704	? 
5	SPAṢṬĀDHY.	c.1720	?  
5	KĀLANIRṆAYA	c.1786	?  
5	SCHÜTZ'S	c.1972	?  
5	WEBER'S	c.1989	?  
5	?	c.2143	Unknown to us. Can you help? 
4	KĀTY. ANUKR.	1.028g	ANUKRAMAṆIKĀ des  ? [Cologne addition]
4	GĪTAG.	1.110a	GĪTAGOVINDA, ed. LASSEN (GILD. Bibl. 168
4	HARISV.	1.121	HARISVĀMIN, ein Scholiast des ŚAT. BR.
4	WILSON, Hindu Th.	1.125a	Select specimens of the Theatre of the H
4	YOGAT.	1.142	YOGATATTVA, S. Ind. St. 2, 49.
4	Journ. as.	1.143	Journal asiatique.
4	Kār.	1.152	Kārikā.
4	NĪTIPR.	1.228	NĪTIPRADĪPA in HAEB. Chr. S. 526--528.
4	UTT. RĀMAC.	1.299	UTTARA-RĀMACARITRA, ed. Calc. (GILD. Bib
4	VĪRAM.	1.321	VĪRAMITRODAYA.
4	AIT. ĀR.	2.001	AITAREYĀRAṆYAKA; nach Mittheilungen von 
4	Berichte d. k. s. G. d. Ww.	2.003a	? {2.003} 
4	YUKTIKALPAT.	2.019	YUKTIKALPATARU von BHOJARĀJA; nach Anfüh
4	MUIR, Sanskr. Texts	3.009	Original Sanskrit Texts on the origin an
4	ATHARVAŚ. UP.	c.019	ATHARVAŚIKHĀ. UPANIṢAD. ? 
4	Journ. of the As. S. of Beng.	c.022c	? 
4	BHĀRAVI	c.037	? 
4	WIND.	c.125	?  
4	PISCHEL	c.151	?  
4	VOPADEVA	c.166	?  
4	JYOTIṢA.	c.167	?  
4	YAJURVEDA	c.169	?  
4	WINDISCHMANN	c.171	Friedrich Heinrich Hugo Windischmann (18
4	JOHNS. Sel.	c.172a	?  
4	MĀDHAVA.	c.173	?  
4	MĀDHAVAKARA	c.277	?  
4	UṆADIVṚ.	c.280	?  
4	KALPA	c.284	?  
4	SUBHŪTICANDRA	c.288	?  
4	GAURĪ	c.291	?  
4	RATIRAHASYA	c.293	?  
4	JAGADĪŚA	c.294	?  
4	KAPILAS.	c.296	?  
4	DHYĀNAVINDŪP.	c.308	?  
4	KRAMADĪPIKĀ	c.309	?  
4	GOVINDAR.	c.310	?  
4	PITĀMAHA	c.319	?  
4	VOPĀLITA	c.323	?  
4	VĀRĀHĪTANTRA	c.324	?  
4	EKĀDAŚĪTATTVA	c.327	?  
4	VENĪS.	c.330	?  
4	BHOJA	c.336	?  
4	SAMAYĀMṚTA	c.338	?  
4	ŚRĪHARṢA	c.340	?  
4	GOTAMA	c.344	?  
4	DRAVY.	c.346	?  
4	SĀMUDRAKA	c.348	?  
4	ĀTMOP.	c.350	?  
4	ALBRECHT WEBER	c.382	? 
4	Orient und Occident	c.408b	? 
4	REGNIER	c.412	? 
4	Randgl.	c.417	? 
4	RÜCKERT	c.420	? 
4	SĀṂSK. K.	c.421	? 
4	TULLB.	c.439	TULLBERG ? 
4	WILKINS	c.457	 ? 
4	WILKINS Ms.	c.457a	WILKINS  Ms.=  ? 
4	RASATAR.	c.487	?  
4	TRIR.	c.488	?  
4	KAṬHĀS.	c.489	?  
4	KĀTHĀS.	c.491	?  
4	MAHĀVĪR.	c.492	?  
4	ŚĀNTIK.	c.493	?  
4	AH.	c.496	?  
4	UTTARARĀMAK.	c.497	?  
4	UPAK.	c.502	?  
4	SAṂSKṚTAPĀṬHOP.	c.504	?  
4	MAHĀNĀṬ.	c.506	?  
4	DAM̃PATĪŚ.	c.507	?  
4	RĀGHAVAPĀṆḌ.	c.511	?  
4	PRĀYAŚCITTENDUŚ.	c.532	?  
4	SĀDHANAMĀLĀT.	c.539	?  
4	KRIYĀYOGAS.	c.555	?  
4	GRAHĀNAY.	c.556	?  
4	SĀṂKHYAPRAV.	c.569	?  
4	GAṆAPATIKH.	c.590	?  
4	VARAR.	c.605	?  
4	DATTAKAC.	c.618	?  
4	SŪRYAŚ.	c.654	?  
4	Berichte d. k. s. Ges. d. Ww. phil.-hist.	c.758	{2.003} ? 
4	AVADĀNAKALPALATĀ	c.792	?  
4	KARAKA	c.799	?  
4	PĀDMOTTARAKHAṆḌA	c.801	?  
4	UTKALAKHAṆḌA	c.804	?  
4	VEDĀNTASŪTRA	c.819	?  
4	KUNTĀPA	c.824	?  
4	ŚĀKAṬĀYANA	c.840	?  
4	SARVADARŚANAS	c.848	?  
4	NALA	c.850	?  
4	PARIBHĀṢĀ	c.851	?  
4	Verz. der Pet. H.	c.891	? 
4	MATHUR.	c.903	?  
4	MUK.	c.906	?  
4	KULL	c.908	?  
4	KALIṄGA	c.921	?  
4	TEJOVINDŪP.	c.922	?  
4	ĀRYABHAṬṬA	c.924	?  
4	SAṂGĪTADARPAṆA	c.938	?  
4	PRĀYAŚCITTATATTVA	c.948	?  
4	MEDHĀT.	c.956	?  
4	KĀMAŚĀSTRA	c.965	?  
4	PARIŚ.	c.975	?  
4	ABHINANDA	c.985	?  
4	ŚĀŚV.	c.1124	?  
4	ŚRUTI	c.1142	?  
4	KATY.	c.1158	?  
4	PRĀYAŚCITTAVIVEKA	c.1221	?  
4	ŚṚNGĀRAT.	c.1242	?  
4	BHĀGAVṚTTI	c.1268	?  
4	KEŚAVA	c.1272	?  
4	SOM.	c.1378	?  
4	VEDĀNTA	c.1413	?  
4	VAIG.	c.1440	?  
4	UTPALINĪ	c.1494	?  
4	COLEBROOKE	c.1549	?  
4	GOL. TRIPR.	c.1550	?  
4	DHANURVEDA	c.1611	?  
4	KṢĪRASVĀMIN	c.1631	?  
4	KĀṬHOP.	c.1678	? 
4	CANDRAGR.	c.1708	? 
4	TRIPRAŚNAV.	c.1722	?  
4	MADHYAG.	c.1725	?  
4	TRIPRAŚNĀDHY.	c.1729	?  
4	BHAGRAHAYUTI	c.1760	?  
4	LASSEN, Pentap.	c.1795	? 
4	AJAYAK.	c.1875	?  
4	POTT	c.1886	?  
4	WESTERGAARD, Radd.	c.1918	?  
4	STENZLER'S	c.1964	?  
4	MÜLLER'S	c.1977	?  
4	LIKHITA	c.2004	?  
4	SAUNĀGA	c.2052	?  
3	AK. ed. COLEBR.	1.010a	? AMARAKOṢA nach der Ausgabe von COLEBRO
3	AMARAD.	1.012	AMARADATTA.
3	BHAV. P.	1.043	BHAVIṢYAPURĀṆA.
3	BṚH. ĀR.	1.051a	? BṚHADĀRAṆYAKOPANIṢAD, nach der Ausgabe
3	ŚĀK. ed. CH.	1.064b	CHEZY'S Ausgabe des ŚĀKUNTALA (GILD. Bib
3	Gel. Anzz. d. k. b. Ak. d. Ww.	1.107	Gelehrte Anzeigen. Herausgegeben von Mit
3	GOVINDABH.	1.114	GOVINDABHAṬṬA.
3	KĀLID.	1.149	KĀLIDĀSA.
3	LAGHUJĀT.	1.180a	VARĀHAMIHIRA'S LAGHUJĀTAKA. 
3	PAÑCATANTRA	1.232a	PAÑCATANTRA
3	PURUṢ.	1.245	PURUṢOTTAMA, ein Lexicograph (unter Ande
3	R. ed. SCHL.	1.247d	Rāmāyaṇa, Schlegel edition, 1829--1838 [
3	SAUN.	1.273	SAUNĀGA, s. die Einleitung zu BÖHTLINGK'
3	SUVARṆAPR.	1.285	SUVARṆAPRABHĀSA, ein buddhistisches Werk
3	BENFEY, SV.	1.286a	SĀMAVEDA. Die Hymnen des SĀMA-VEDA, hera
3	Verz. d. Pet. Hdschr.	1.316c	? 
3	MUṆḌAMĀLĀT.	2.031	MUṆḌAMĀLĀTANTRA; nach Anführungen im ŚKD
3	PARĀŚARA-P.	2.033a	PARĀŚARAPADDHATI; nach Anführungen im ŚK
3	SUBH.	2.040	SUBRŪTI, ein Schol. des AK.; nach Anführ
3	VĀR. P.	2.048	VĀRĀHAPURĀṆA.
3	KAṬHINĀV.	3.007	KAṬHINĀVADĀNA, handschriftlich in der Pa
3	BANERJEA, Dial.	4.001a	Dialogues on the Hindu Philosophy, compr
3	PK.	4.010	PĀRŚVANĀTHAKĀVYA, in AUFRECHT'S Index zu
3	BĀLARĀM.	c.024a	? 
3	BAUDHĀYANA	c.030	? 
3	SŪTRA	c.159	?  
3	HANUMANT	c.163	?  
3	PISCHEL.	c.164	?  
3	HIT. ed. SCHL.	c.172c	?  
3	KĀŚYAPA	c.178	?  
3	RUDRAY.	c.283a	?  
3	AMṚTANĀDOP.	c.298	?  
3	AṄGIRAS	c.301	?  
3	NYĀSA	c.302	?  
3	MĀDHAVAKĀRA	c.304	?  
3	CHANDOGAPAR.	c.306	?  
3	BHAIṢAJYARATNĀVALĪ	c.307	?  
3	PRAYOGĀMṚTA	c.311	?  
3	BHĀVAPRAKĀŚA	c.312	?  
3	KĀVYACANDRIKĀ	c.328	?  
3	MĀGHA	c.331	?  
3	BHOJARĀJA	c.332	?  
3	KAVIKALP.	c.334	?  
3	ŚARDĀRTHAK.	c.337	?  
3	ANANTASAM̃HITĀ	c.342	?  
3	RĀJN.	c.345	?  
3	PARAMAHAM̃SOP.	c.347	?  
3	VRAJABHAKTIVILĀSA	c.351	?  
3	NṚS. TĀP.	c.364b	NṚSIṂHATĀPANĪYOPANIṢAD ? 
3	AMṚTABINDŪP	c.380	? 
3	AMARAKOṢA	c.381	? 
3	DHARMA-P.	c.396	DHARMAPURĀṆA ? 
3	GAṆEŚA-P.	c.399	GAṆEŚAPURĀṆA ? 
3	J. MUIR	c.402	? 
3	Journ. R. As. S.	c.419b	?  
3	SHAKESP.	c.428	? 
3	STEVENSON	c.431a	? 
3	SUPADMAVYĀKARAṆA	c.432a	? 
3	VAS.	c.444	 ? 
3	VṚDDHA-KĀṆ.	c.447	 ? 
3	WARREN	c.453	 ? 
3	GOT.	c.498	?  
3	BHĀṬṬ.	c.499	?  
3	DHĀT.	c.500	?  
3	GHAT.	c.503	?  
3	DṚṢTĀNTAŚ.	c.505	?  
3	SUNDOP.	c.509	?  
3	MUDR.	c.513	?  
3	KṢITIŚAV.	c.514	?  
3	ṚGVIDH.	c.520	?  
3	YAJÑ.	c.522	?  
3	MB.	c.523	?  
3	DĀYAKRAMAS.	c.525	?  
3	UPAG.	c.526	?  
3	KARMAPR.	c.529	?  
3	KĀLAMĀN.	c.533	?  
3	RĀJA.	c.545	?  
3	ŚULVAPARIŚ.	c.549	?  
3	RATN.	c.551	?  
3	INDRAL.	c.557	?  
3	RĀGHAV.	c.558	?  
3	NĪTIS.	c.564	?  
3	VEDĀNTAPARIBH.	c.656	?  
3	TAR.	c.661	?  
3	GRAHACCH.	c.662	?  
3	KAUC.	c.704	?  
3	KHANDOM.	c.733	?  
3	ŚĀŚVATA.	c.756	? 
3	Ind. Bibl.	c.770	? 
3	KAVITĀMṚTAKŪPA	c.800	?  
3	YAŚNA	c.809	?  
3	KṚṢISAṂGRAHA	c.813	?  
3	KRIYĀSAMUCCAYA	c.815	?  
3	BHAGAVATĪ	c.816	?  
3	MAHĀNĀṬAKA	c.852	?  
3	UPALEKHA	c.863	?  
3	DAŚABHŪMĪŚVARA	c.866	?  
3	JAIMINI	c.875	?  
3	MAHĀNIRVĀṆATANTRA	c.914	?  
3	KĀMAŚ.	c.920	?  
3	PRACETAS	c.925	?  
3	PIṄGALA	c.927	?  
3	RASABHA	c.931	?  
3	UDVĀHATATTVA	c.932	?  
3	VAIDYABH.	c.935	?  
3	LĪLĀVATĪ	c.941	?  
3	CHANDOGAPARIŚIṢṬA	c.943	?  
3	BHAIṢAJYARATNĀV.	c.947	?  
3	MATHURĀNĀTHA	c.952	?  
3	SARVASĀROP.	c.959	?  
3	VARṆAVIVEKA	c.960	?  
3	ŚUBHAṂKARA	c.963	?  
3	SVARODAYA	c.968	?  
3	ĀGAMA	c.970	?  
3	DURGOTSAVAPADDHATI	c.981	?  
3	PRAYOGASĀRA	c.987	?  
3	SĀHASĀṄKA	c.1005	?  
3	VIDYĀVINODA	c.1052	?  
3	ŚABDAC	c.1066	?  
3	VAIDYAKA	c.1105	?  
3	GAUḌAPĀDA	c.1181	?  
3	HṚD.	c.1222	?  
3	PADMAP.	c.1258	?  
3	NIRṆAYASINDHU	c.1284	?  
3	A. WEBER	c.1360	? 
3	HARADATTA	c.1375	?  
3	TAITTIRĪYA	c.1376	?  
3	SAṂGĪTAŚĀSTRA.	c.1381	?  
3	SĀMAVEDA	c.1383	?  
3	VARĀHAMIHIRA	c.1384	?  
3	KIELHORN	c.1427	?  
3	NAL.	c.1461	?  
3	ANEKĀRTHA	c.1520	?  
3	ADHIMĀS.	c.1521	?  
3	KAURMA-P.	c.1551	?  
3	KĀTYĀYANA'S	c.1552	?  
3	SĀṂKHYA	c.1557	?  
3	MĀDHY.-Rec.	c.1560	?  
3	DṚKK.	c.1563	?  
3	PATAÑJALI'S	c.1584	?  
3	GOLDSTÜCKER	c.1598	?  
3	YĀJÑAVALKYA'S	c.1604	?  
3	UPAPURĀṆA	c.1619	?  
3	GOL. GOLAB.	c.1620	?  
3	MĀNAVA	c.1622	?  
3	GOL. BHUVANAK.	c.1643	?  
3	DVIVEDAG.	c.1675	? 
3	GĀNA	c.1692	? 
3	PRATIJÑĀS.	c.1715	?  
3	BRAHMAKH.	c.1721	?  
3	MADHYAGATIV.	c.1723	?  
3	GOLASVAR.	c.1724	?  
3	UTTARAKH.	c.1728	?  
3	YANTRĀDHY.	c.1730	?  
3	KĀRTTIKAM.	c.1731	?  
3	BRAHMAKHAṆḌA	c.1761	?  
3	ŚRĪKṚṢṆAJANMAKHAṆḌA	c.1762	?  
3	ŚĀRṄG. PADDH. NĪTI	c.1763	?  
3	ŚĀK. BÖHTL.	c.1808	? 
3	COLEBR. Gr.	c.1846	?  
3	KULĀCĀRYAKĀRIKĀ	c.1872	?  
3	NĀRĀYAṆA	c.1885	?  
3	AV. PAR.	c.1887	?  
3	BHṚGU	c.1949	? 
3	PĀṆINI'S	c.1967	?  
3	BENFEY'S	c.1976	?  
3	KṚṢṆAJANMAKH.	c.1992	?  
3	Pet. Hdschr.	c.1993	?  
3	LASSEN, Institt. linguae pracr.	c.2002	?  
3	LASSEN, Institt. l. pr.	c.2022d	?  
3	CH.	c.2025	? 
3	Monatsber. der Berl. Ak.	c.2033	? 
3	YĀSKA	c.2065	?  
3	PISCHEL, de Gramm. prācr.	c.2075	? 
3	WILSON, Th. of the Hindus	c.2092	?  
3	SĀRASVATĀBHIDHĀNA	c.2102	? 
3	ŚUK. (Pet. Hdschr.)	c.2171	? 
3	WEBER, Ind. Streifen	c.2172	? 
2	HAUGHTON, A Dict. BENG. and S.	1.005a	HAUGHTON, A Dict. BENG. and S. 
2	COL.	1.010b	AMARAKOṢA nach der Ausgabe von COLEBROOK
2	AMṚTAV. UP.	1.013	AMṚTAVINDŪPANIṢAD.
2	ĀNANDAV.	1.016	ĀNANDAVALLĪ.
2	ANNAṂBH.	1.019	ANNAM̃BHAṬṬA.
2	Asiat. Res.	1.025a	Asiatick Researches 
2	VS. ANUKR.	1.028c	ANUKRAMAṆIKĀ des  ? [Cologne addition]
2	avy.	1.029	avyaya (s. MED.).
2	BṚH. ĀR. UP. (POL.)	1.052	id., in der Ausgabe von POLEY (GILD. Bib
2	Bullet. hist.-phil.	1.055a	Bulletin historico-philologique de l'Aca
2	Alg.	1.080a	COLEBR. Algebra ? 
2	DHYĀNAV. UP.	1.094	DHYĀNAVINDŪPANIṢAD.
2	DVIVED.	1.100	DVIVEDAGAṄGA, ein Scholiast des MĀDHYAM̃
2	GOT. S.	1.113	GOTAMA'S SŪTRĀṆI, s. NYĀYA-S.
2	Hort. beng.	1.130	Hortus bengalensis. Serampore 1814. 8vo,
2	Ind. des KANDYUR	1.133	Index des KANDYUR. Herausgegeben von der
2	KANDYUR	1.133b	? 
2	YAJÑAD. (LOIS.)	1.139	YAJÑNADATTABADHA, ou la mort de YAJÑNADA
2	KATHĀSARITSĀGARA	1.156a	KATHĀSARITSĀGARA 
2	KULLŪKA	1.174a	KULLŪKA, ein Scholiast des MANU, vollstä
2	KUNT.	1.176	KUNTĀPA, zehn Lieder, welche einen beson
2	WEBER. Lit.	1.188a	Akademische Vorlesungen über Indische Li
2	M. ed. Calc.	1.190a	MANU'S Gesetzbuch, Calcutta edition 
2	MAHOP.	1.198	MAHOPANIṢAD.
2	MĀṆD. UP.	1.204	MĀṆḌŪKYOPANIṢAD in der Bibliotheca indic
2	MBH. ed. Calc.	1.210a	MAHĀBHĀRATA, Calcutta edition 
2	Mém. sur l'Inde	1.214a	? 
2	MṚCCH. ed. Calc.	1.216a	MṚCCHAKAṬIKĀ, Calcutta edition [Cologne 
2	PAÑCAV.	1.233a	PAÑCAVIṂŚABRĀHMAṆA ? [Cologne addition]
2	PRABODHACANDRODAYA	1.239b	PRABODHACANDRODAYA ? {Cologne Addition]
2	RAGH. ed. ST.	1.252c	RAGHUVAṂŚA, ed. ST. ? 
2	SARVOP. S.	1.272	SARVOPANIṢATSĀRA.
2	TAITT. PR.	1.289a	PRĀTIŚĀKHYA zur TAITTIRĪYASAM̃HITĀ. ? 
2	TEJOV. UP.	1.291	TEJOVINDŪPANIṢAD.
2	TS. ANUKR.	1.295	ANUKRAMANIKĀ der TS. Hdschr.
2	Var.	1.305	Variante.
2	Vārtt.	1.309	Vārttika von KĀTYĀYANA in BÖHTLINGK'S Au
2	Verz. d. KOP. H.	1.315a	WESTERGAARD'S Verzeichniss der Kopenhage
2	Verz. d. P. H.	1.316a	? 
2	Verz. d. PET. H.	1.316b	? 
2	VOPAD.	1.326a	VOPADEVA'S Grammatik, nach BÖHTLINGK'S A
2	Z. f. die K. d. M.	1.335a	Zeitschrift für die Kunde des Morgenland
2	Z. f. d. W. d. Spr.	1.336	Zeitschrift für die Wissenschaft der Spr
2	ROTH, Zur Lit. u. G. d. W.	1.339c	Zur Literatur und Geschichte des Weda. D
2	ROTH, Zur Lit.	1.339e	Zur Literatur und Geschichte des Weda. D
2	Z. L. u. G. d. W.	1.339h	Zur Literatur und Geschichte des Weda. D
2	Berichte der k. s. G. d. Ww.	2.003b	{2.003} 
2	SAṂSKĀRAT.	2.038	SAṂSKĀRATATTVA; nach Anführungen im ŚKDR
2	SMARAD.	2.039	SMARADĪPIKĀ, ein Werk über Erotik; nach 
2	SUKHAB.	2.041	SUKHABODHA; nach Anführungen im ŚKDR.
2	VEDĀNTAS. [Allah.]	2.049a	A Lecture on the Vedánta, embracing the 
2	VIDAGDHAMUKHAM.	2.052	VIDAGDHAMUKHAMAṆḌANA; nach Anführungen i
2	J. Am. Or. Soc.	3.004a	Journal of the American Oriental Society
2	Journ. of the Am. S.	3.004b	Journal of the American Oriental Society
2	RATNAG.	4.012	ĀRYAPRAJÑĀPĀRAMITĀRATNAGUṆASAM̃CAYAGĀTHĀ
2	WEBER, NAKṢ.	4.018b	WEBER, Die vedischen Nachrichten von den
2	UTTARARĀMAC. (ed. COWELL)	c.004c	? 
2	NĀNĀRTHADHVANIMAÑJARĪ	c.014a	NĀNĀRTHADHVANIMAÑJARĪ  
2	Journ. of the As. Soc. of Beng.	c.022c1	? 
2	Journ. of the As. Soc. of B.	c.022e	Journ. of the As. Soc. of Bombay ? 
2	BHĀM.	c.035	BHĀMINĪVILĀSA ? 
2	AŚOKĀVADĀNA	c.064b	AŚOKĀVADĀNA ?  
2	AINSL	c.103a	AINSLIE ?  
2	STENZ.	c.113a	?  
2	HAḌḌAC.	c.263a	?  
2	BHOJAPRAB.	c.336a	?  
2	MADANA	c.360	MADANAPĀLA ? 
2	MADANAVINODA	c.361a	 ? 
2	MÜLL.	c.362b	? 
2	Tüb. Hdschr.	c.372d	? 
2	Ak. d. Ww.	c.387	? 
2	BṚHANNANDIKEŚVARA-P.	c.391	? 
2	ŚĀMBA-P.	c.392	? 
2	PARAMAH. UP.	c.405	PARAMAHAṂSOPANIṢAD ? 
2	ROËR	c.414	? 
2	J. R. As. S.	c.419c	?  
2	SARVAS. UP.	c.423	? 
2	SUPADMA	c.432	? 
2	VINAYA	c.445	 ? 
2	VṚDDHA-M.	c.448	 ? 
2	Vie de Hiouen-thsang	c.449a	 ? 
2	WATSON	c.454	 ? 
2	WILKINS, Gramm.	c.457b	WILKINS , Gramm.=  ? 
2	WOLLHEIM	c.459b	 ? 
2	PANDIT.	c.528	?  
2	MBR.	c.535	?  
2	YĀJAN.	c.536	?  
2	RĀṢṬRAPĀLAPAR.	c.537	?  
2	ANUP.	c.540	?  
2	GRAHĀNAYAN.	c.541	?  
2	MAHAVĪRAC.	c.542	?  
2	KAŚĪKH.	c.543	?  
2	ŚRṄGĀRAT.	c.546	?  
2	KAṬH.	c.550	?  
2	REVĀMĀH.	c.553	?  
2	YAJÑADATTAV.	c.560	?  
2	MAHIMN.	c.575	?  
2	UTTARARĀM.	c.578	?  
2	PRAD.	c.589	?  
2	HARIR.	c.591	?  
2	MṚKCH.	c.596	?  
2	SŪRYAGR.	c.598a	?  
2	BHĀṢAP.	c.601	?  
2	DATTAC.	c.604	?  
2	MOHAM.	c.611	?  
2	GAIM.	c.616	?  
2	KAKṢĀDHY.	c.636	?  
2	SARVARŚANAS.	c.637	?  
2	GRAHAYUTY.	c.639	?  
2	GAYĀM.	c.647	?  
2	KĀT.	c.652	?  
2	GOP.	c.670	?  
2	VYAVARĀRAT.	c.679	?  
2	YĀJAÑ.	c.683	?  
2	HAR.	c.690	?  
2	ŚĀT.	c.696	?  
2	KAUŚA.	c.697	?  
2	DATTAKAM.	c.700	?  
2	ŚIC.	c.716	?  
2	RATNĀVADĀNAM.	c.720	?  
2	KAṬHINĀVAD.	c.724	?  
2	PRASANNAR.	c.730	?  
2	GRAHACCHĀYĀDH.	c.748	?  
2	VEDĀNTAPAR.	c.752	?  
2	GĀR. P.	c.763	? 
2	Ind. Antiq.	c.769	? 
2	NĀRASIṂHA-P.	c.777a	? 
2	KATHĀS	c.793	?  
2	YAṢT	c.805	?  
2	ABHIDHĀNOTTAROTTARA	c.808	?  
2	IṢṬAKĀPŪRAṆA	c.810	?  
2	BRĀHMADHARMA	c.811	?  
2	SĀDHANAMĀLĀTANTRA	c.814	?  
2	ŚṚṄGABHERYAVADĀNA	c.817	?  
2	ṚGVIDHĀNA	c.818	?  
2	NĀGĀNANDA	c.821	?  
2	KRIYĀYOGASĀRA	c.828	?  
2	SAMAYĀCĀRATANTRA	c.838	?  
2	KANDṢUR	c.856	?  
2	KAṬHINĀVADĀNA	c.859	?  
2	CAITANYACANDRODAYA	c.860	?  
2	KARMAPRADĪPA	c.862	?  
2	DHĀRAṆĪSAṂGRAHA	c.865	?  
2	PUṢPASŪTRA	c.873	?  
2	DATTAKACANDRIKĀ	c.879	?  
2	VEDĀNTAPARIBHĀṢĀ	c.880	?  
2	Verz. d. H.	c.886	? 
2	KĀŚIKHAṆḌA	c.915	?  
2	PĀTĀLAKHAṆḌA	c.917	?  
2	UTTARANAIṢADHA	c.918	?  
2	BHAIṢAJYARATN.	c.919	?  
2	KAVIKALPAL.	c.923	?  
2	UTTARAKĀMĀKHYĀTANTRA	c.928	?  
2	ŚAVARASVĀMIN	c.929	?  
2	RATIMAÑJARĪ	c.930	?  
2	SŪRYASIDDH.	c.933	?  
2	VṚTTARATNĀV.	c.937	?  
2	GOYĪCANDRA	c.939	?  
2	BHAṬṬAMALLA	c.940	?  
2	VIDAGDHAMUKHAMAṆḌANA	c.942	?  
2	TRIVIKRAMABHAṬṬA	c.944	?  
2	VIKRAMĀDITYA	c.949	?  
2	ANANTAVRATAKATHĀ	c.950	?  
2	DAṆḌIN	c.951	?  
2	BHAVĀPR.	c.953	?  
2	VIKRAMĀDITYAK.	c.954	?  
2	GAṆAPATIMUHŪRTA	c.958	?  
2	PĀKARĀJ.	c.961	?  
2	KŪRMACAKRA	c.962	?  
2	RĀJADHARMA	c.964	?  
2	GAUḌAP	c.967	?  
2	RATNAKOṢA	c.969	?  
2	TEJOBINDŪP.	c.972	?  
2	MAHOPAN.	c.973	?  
2	BHAṬṬI	c.974	?  
2	RĀMAS.	c.976	?  
2	RĀVAṆA	c.977	?  
2	SĀRAMAÑJARĪ	c.978	?  
2	ŚABDĀRTHAKALPAT.	c.979	?  
2	SUMANTU	c.980	?  
2	MURĀRI	c.982	?  
2	PURUṢOTTAMADEVA	c.983	?  
2	RĀJAMĀRTAṆḌA	c.984	?  
2	RĀYAMUKUṬA	c.986	?  
2	ŚĀRADĀT.	c.988	?  
2	MĀTSYAP.	c.996	?  
2	RĀSALĪLĀ	c.1009	?  
2	BṚHADDEV.	c.1010	?  
2	BURNELL	c.1026	?  
2	DHANVANTARI	c.1044	?  
2	MĪM.	c.1058	?  
2	VIVĀDĀRṆAVASETU	c.1067	?  
2	RĀJAŚEKHARA	c.1068	?  
2	UJJVALAD.	c.1081	?  
2	PURUṢOTTAMA	c.1082	?  
2	BHAKTIRASĀMṚTASINDHU	c.1085	?  
2	KUSUMĀÑJALI	c.1097	?  
2	VIKRAMĀDITYAKOŚA	c.1099	?  
2	ŚRĀDDHATATTVA	c.1119	?  
2	SMARADĪP.	c.1130	?  
2	BRAHMOPANIṢAD	c.1136	?  
2	LAUGĀKṢI	c.1139	?  
2	KULADĪPIKĀ	c.1153	?  
2	ALAṂKĀRAKAUSTUBHA	c.1167	?  
2	KARMAVIPĀKA	c.1182	?  
2	JĀBĀLA	c.1189	?  
2	PATTRAKAUMUDĪ	c.1195	?  
2	SĀRAKAUMUDĪ	c.1198	?  
2	DĀNASĀGARA	c.1211	?  
2	RAMĀNĀTHA	c.1212	?  
2	SAṂSKṢIPTAS.	c.1213	?  
2	KAVIKALPATARU	c.1215	?  
2	ŚĀRADĀTILAKA	c.1246	?  
2	ĀCĀRANIRṆAYAT.	c.1247	?  
2	ARUṆADATTA	c.1252	?  
2	MĀLAMĀSAT.	c.1264	?  
2	DĀMODARA	c.1269	?  
2	SAMAYAPRADĪPA	c.1283	?  
2	DURGOTSAVAPADDH.	c.1292	?  
2	CAṆḌIN	c.1307	?  
2	ANEKĀRTHAKOṢA	c.1308	?  
2	SATKṚTYAMUKTĀVALĪ	c.1313	?  
2	SIDDHĀNTAMUKTĀVALĪ	c.1337	?  
2	SAṂGĪTADĀMODARA	c.1338	?  
2	EKĀRTHASAṂGRAHA	c.1342	?  
2	RĀYAM	c.1344	?  
2	Ṛt.	c.1355	? 
2	Pat. a. a. O.	c.1364	? 
2	HOEFER	c.1372	?  
2	ANEKĀRTHADHVANIM.	c.1377	?  
2	GRIMM	c.1382	?  
2	PADMAN.	c.1390	?  
2	ŚAṂKARAJAYA	c.1391	?  
2	MADHU	c.1393	?  
2	ŚABDASTOMAMAHĀNIDHI.	c.1398	?  
2	PLINIUS	c.1431	?  
2	NYĀYA	c.1432	?  
2	MITĀKṢARĀ	c.1434	?  
2	GANARATNAM.	c.1441	?  
2	BRĀHM.	c.1453	?  
2	DHĀTUPĀṬHA	c.1454	?  
2	TANDYUR.	c.1462	?  
2	MED	c.1469	?  
2	PŪNĀ	c.1475	?  
2	JOHAENTGEN	c.1483	?  
2	MUGDHAB.	c.1495	?  
2	ĀRYABHAṬA, SIDDH.	c.1511	?  
2	ŚAṂKARA'S	c.1519	?  
2	ŚĀKUNTALA	c.1527	?  
2	VṚDDHAMANU	c.1564	?  
2	GOLĀDH.	c.1569	?  
2	GOL. GRAHAṆAV.	c.1572	?  
2	GOVARDH. ĀRYĀS.	c.1577	?  
2	DHAMMAPADA	c.1579	?  
2	MAHĀBHĀRATA	c.1583	?  
2	SAṂKṢIPTASĀRA	c.1586	?  
2	SKANDAPURĀṆA	c.1595	?  
2	Lit. Centr.	c.1612	?  
2	LANGAL.	c.1614	?  
2	DELBRÜCK	c.1615	?  
2	NIGHAṆṬU	c.1617	?  
2	KĀTYĀYANA	c.1635	?  
2	GOPATHA-BR.	c.1649	?  
2	ĀRYABHAṬA	c.1657	?  
2	SAṂSĀRĀV.	c.1663	?  
2	BURGESS	c.1666	?  
2	ŚṚṄGĀRARAS.	c.1684	? 
2	HAṬṬACANDRA	c.1691	? 
2	JAIMINIBH.	c.1698	JAIMINIBHĀRATA ? 
2	KĀṬH. AŚV.	c.1709	? 
2	PRAŚNĀDHY.	c.1726	?  
2	UPARIBH.	c.1727	?  
2	SPHUṬAG.	c.1732	?  
2	YANTR.	c.1740	?  
2	RATNAPARĪKṢĀ	c.1767	?  
2	ĀRAṆYA	c.1770	?  
2	ĀRYABHAṬĪYA	c.1771	?  
2	NAIGEYA	c.1772	?  
2	KĀVYAKALĀPA	c.1780	?  
2	CAURAPĀṆIDATTA	c.1787	? 
2	LASSEN'S Pentap.	c.1795a	? 
2	TANTRAŚĀSTRA	c.1801	? 
2	BÖHTL. Chrest.	c.1809	? 
2	BHAGAVADBHAKTIVILĀSA	c.1810	?  
2	CSOMA	c.1822	?  
2	WEST. Dhātup.	c.1830	Radices Linguae Sanscrite by N. L. Weste
2	VIṢṆUDHARMOTT.	c.1834	?  
2	LOIS. DESL.	c.1835	?  
2	VIŚVAGUṆĀDARŚA	c.1851	?  
2	AINSLIE, Mat. Ind.	c.1883	?  
2	VIŚVASĀRATANTRA	c.1905	?  
2	VIŚVASĀRAT.	c.1910	?  
2	SIDDHĀNTAŚ	c.1914	?  
2	VIṢṆUSAHASRANĀMASTOTRA	c.1921	?  
2	MÜLLER, Transl.	c.1930	?  
2	JYOTIṢATATTVA	c.1931	?  
2	LOKĀKṢI	c.1950	? 
2	KERN'S	c.1969	?  
2	GAUḌAPĀDA'S	c.1970	?  
2	HESSLER'S	c.1979	?  
2	LASSEN'S	c.1986	?  
2	LASSEN, Institt. linguae pr.	c.2002b	?  
2	LASSEN, Institt.	c.2002c	?  
2	LASSEN, Pent.	c.2007	?  
2	COLEBR. Dig.	c.2009	?  
2	BHĀR.	c.2011	?  
2	ŚRĪDHARASVĀMIN	c.2016	?  
2	DVIV.	c.2017	?  
2	Gött. gel. Anzz.	c.2026	? 
2	Monatsb. d. Berl. Ak.	c.2031	? 
2	KĀLANIRṆAYAK.	c.2053	?  
2	DIVYĀV.	c.2084	?  
2	KUHN, Herabk. d. F.	c.2090	?  
2	MĀNAV.	c.2091	?  
2	ROSS	c.2097	?  
2	CHAMB.	c.2122	? 
2	Bibl. ind.	c.2130	? 
2	MĀLATĪM. ed. LASS.	c.2138a	? 
2	lith. Ausg.	c.2151	? 
2	R. ed. ŚRĪR.	c.2162	? 
2	GOLĀDHY. SPHUṬAGATIV.	c.2174	? 
1	ADBHUTA-BR.	1.003a	ADBHUTABRĀHMAṆA.
1	ADBHUTAS.	1.004	ADBHUTASĀRA.
1	ADBHUTASĀRA	1.004a	ADBHUTASĀRA. ? 
1	ANEKĀRTHADHV.	1.017	ANEKĀRTHADHVANIMAÑJARĪ, ein Wörterbuch; 
1	ANUKRAM.	1.020a	ANUKRAMAṆIKĀ. [Cologne addition]
1	ANUP. S.	1.021	ANUPADASŪTRA.
1	SV. ANUKR.	1.028e	ANUKRAMAṆIKĀ des  ? [Cologne addition]
1	BHĀG. P. ed. BURN.	1.036b	BHĀG. P. ed. Bomb.= BHĀGAVATAPURĀṆA, Bur
1	BRAHMOP.	1.050	BRAHMOPANIṢAD.
1	ŚAKUNTALOPĀKHYĀNA (ed. CHEZY)	1.064a	CHEZY'S Ausgabe des ŚĀKUNTALA (GILD. Bib
1	ŚAṂKARA	1.065b	ŚAṂKARA o= ŚAṂKARA (ein Scholiast des ŚĀ
1	ŚATAP. BR.	1.074a	ŚATAPATHABRĀHMAṆA ? 
1	COL. Misc. Ess.	1.081a	COLEBROOKE'S Miscellaneous Essays.? 
1	ŚRĪDHAR.	1.082	ŚRĪDHARASVĀMIN, ein Scholiast der BHAG.
1	DATT. MĪM.	1.090	DATTAKAMĪMĀM̃SĀ, ed. Calc. 1817. 83 Seit
1	WILSON Theatre of the Hindus	1.125b	Select specimens of the Theatre of the H
1	WILSON, Theatre of the Hindus	1.125c	Select specimens of the Theatre of the H
1	WILSON, Sel. spec. of the Theatre of the Hindus	1.125d	Select specimens of the Theatre of the H
1	WILSON, Sel. spec. of the th. of the Hindus	1.125e	Select specimens of the Theatre of the H
1	Hort. Calc	1.131	Hortus suburbanus Calcuttensis. A Catalo
1	WEBER, Ueber das RĀMĀYAṆA	1.135c	? 
1	ITIHĀSA	1.137a	? 
1	KĀDAMB.	1.145	KĀDAMBARĪ.
1	CATURBH.	1.160	CATURBHUJA, ein Scholiast des MAHĀBHĀRAT
1	KOS.	1.172	KOSEGARTEN.
1	KULLŪKABHAṬṬA	1.174b	KULLŪKABHAṬṬA, ein Scholiast des MANU, v
1	LA. (II.)	1.179a	? LASSEN'S Anthologie (GILD. Bibl. 48).
1	LALIT. Fouc.	1.181a	 RGYA TCH'ER ROL PA (LALITAVISTĀRA) ou D
1	LALIT. ed. FOUC.	1.182b	LALITAVISTARA ?
1	Lex. sanscr. tib.	1.185	VYUTP. (s. d.)
1	REINAUD, Mémoire sur l'Inde	1.214c	? 
1	NĀNĀRTHAK.	1.222	NĀNĀRTHAKOṢA, eine Sammlung von Wörtern,
1	NIDĀNA-S.	1.225	NIDĀNASŪTRA.
1	PAÑCAT. BR.	1.233b	? [Cologne addition]
1	PAT. YOGAŚ.	1.237	PATAÑJALI'S YOGAŚĀSTRA, ed. BALLANTYNE, 
1	PRABODH.	1.239a	PRABODHACANDRODAYA, ed. BROCKHAUS (GILD.
1	PRĀTIŚ.	1.242a	PRĀTIŚĀKHYA.
1	RĀJA-TARAṄGIṆĪ	1.249a	RĀJATARAṄGIṆĪ ? 
1	RAGH. (Calc.)	1.252b	RAGHUVAṂŚA, ed. Calc. (GILD. Bibl. 135).
1	RĀMATARKAV.	1.255	RĀMATARKAVĀGĪŚA.
1	SADDH. L.	1.265	SADDHARMALAṄKĀVATĀRA.
1	SAṂGĪTADĀM.	1.269a	SAM̃GĪTADĀMODARA (über Musik), nach Anfü
1	SIDDHĀNTAŚIR. (GOLĀDHY)	1.277b	Golādhyāya part of Siddhānta Śiromaṇi, b
1	SŪRYA-SIDDHĀNTA	1.284a	? 
1	Tib. Lebensb. Śāky.	1.292	Tibetische Lebensbeschreibung Śākyamuni'
1	PERTSCH, UPAL.	1.298a	UPALEKHA de KRAMAPĀṬHA libellus. Ed. G. 
1	ved.	1.311	vedisch.
1	VEDA-P.	1.313	VEDAPURĀṆA.
1	Verz. B. H.	1.314b	WEBER'S Verzeichniss der Berliner Sanskr
1	B. H.	1.314c	  WEBER'S Verzeichniss der Berliner Sans
1	VOP. (ed. Calc.)	1.326b	VOPADEVA'S Grammatik, Calcutta edition 
1	WIND. SANCARA	1.332a	FRID. H. H. WINDISCHMANNI Sancara sive d
1	WINDISCHMANN, Sanc.	1.332c	FRID. H. H. WINDISCHMANNI Sancara sive d
1	Zeitschr. d. d. m. G.	1.334b	Zeitschrift der Deutschen morgenländisch
1	Zeitschr. f. d. W. d. Spr.	1.336a	? [Cologne addition]
1	Z. f. d. W. d. S.	1.336b	? Zeitschrift für die Wissenschaft der S
1	ROTH, Zur Lit. und G. d. W.	1.339d	Zur Literatur und Geschichte des Weda. D
1	Zur Lit. u. G. des W.	1.339f	Zur Literatur und Geschichte des Weda. D
1	ROTH, Zur L. u. G. des W.	1.339g	Zur Literatur und Geschichte des Weda. D
1	ROTH, Zur L. und G. d. W.	1.339i	Zur Literatur und Geschichte des Weda. D
1	BṚHADDHARMAPURĀṆA	2.004a	BṚHADDHARMAPURĀṆA [Cologne addition]
1	ŚRĀDDHAVIV.	2.008	ŚRĀDDHAVIVEKA; nach Anführungen im ŚKDR.
1	DURGĀRCĀT.	2.011	DURGĀRCĀTATTVA; nach Anführungen im ŚKDR
1	YĀJÑIKAD. PADDH. zu KĀTY. ŚR.	2.017	YĀJÑIKADEVA'S PADDHATI zu KĀTYĀYA-&#13;&
1	KṢUR. UP.	2.023	KṢURIKOPANIṢAD.
1	LALITAM.	2.024	LALITAMĀDHAVA; nach Anführungen im ŚKDR.
1	MĀYĀT.	2.027	MĀYĀTANTRA; nach Anführungen im ŚKDR.
1	PARAM. UP.	2.034	PARAMAHAM̃SOPANIṢAD.
1	PATHYĀPATHYAV.	2.035	PATHYĀPATHYAVIVEKA; nach Anführungen im 
1	Verh. d. k. s. Ges. d. W. zu Leipzig, phil.hist. KI.	2.015b	Verhandlungen der königlich-sächsischen 
1	VIVĀDĀRṆ.	2.053	VIVĀDĀRṆAVASETU; nach Anführungen im ŚKD
1	BUDDHOKT.	3.001	BUDDHOKTASAM̃SĀRĀMAYA, handschriftlich i
1	a. a. O. S.	3.004c	Journal of the American Oriental Society
1	KALPADRUMĀV.	3.005	KALPADRUMĀVADĀNA, handschriftlich in der
1	KRIYĀSAM.	3.008	KRIYĀSAMUCCAYA, handschriftlich in der P
1	VAJRĀSANASĀDHANAM.	3.016	VAJRĀSANASĀDHANAMĀLĀ, handschriftlich in
1	MADHYAMAVṚ.	4.007a	? MADHYAMAKAVṚTTI,
1	NYĀYAM.	4.009a	NYĀYAMĀLĀVISTARA, nach Anführungen bei M
1	RATNĀVAD.	4.013	RATNĀVADĀNAMĀLĀ, handschriftlich in der 
1	d. Oxf. H.	c.006b	AUFRECHT, Verzeichniss der Oxforder Hand
1	SARVADARŚANASAṂGR.	c.011a	? 
1	SĀMAV. BR.	c.012a	? 
1	Journ. of the As. S. of B.	c.022b	? 
1	Journ. of the As. Soc. of Bombay	c.022d	Journ. of the As. Soc. of Bombay 
1	BAṬUKABHAIRAVASTOTRA	c.029	? 
1	BHĀMINĪVILĀSA	c.035b	? 
1	KĀVYĀD. (ed. 1866)	c.042a	?  
1	KṢITĪS.	c.053a	?  
1	VASĀVAD.	c.055a	?  
1	GAṆITĀDHY. UDAY.	c.074b	 ?  
1	BHĀSKARĀCĀRYA	c.090a	? 
1	ĀPIŚALI	c.092	? 
1	ĀPIŚALA	c.093	? 
1	VIŚVAN.	c.110a	?  
1	Dr. H. KERN	c.111a	?  
1	STENZL.	c.113b	?  
1	WESTERG.	c.120a	?  
1	TROY.	c.123a	TROYER ?  
1	MIKLOS.	c.154a	Franz Miklosich (1813-1891) a Slovene ph
1	POL.	c.170a	?  
1	NĀN. RATNAM.	c.176a	NĀNĀRTHARATNAM ? 
1	RUDRAYĀMALOTTARAKH.	c.278a	?  
1	RUDRAYĀMALAT.	c.278b	?  
1	BRAHMAV.-P.	c.321b	BRAHMAVAIVARTAPURĀṆA?  
1	DIVYĀVADĀNA	c.353a	? 
1	GARUḌAP.	c.354b	GARUḌA-PURĀṆA? 
1	MACK.	c.359a	MACK. Coll.? 
1	MADANAPĀLA	c.360a	 ? 
1	MADANAVIN.	c.361	MADANAVINODA ? 
1	MUELLER	c.362a	? 
1	NṚSIṂHATĀPANĪYOPANIṢAD	c.364a	 ? 
1	VṚDDHA-BṚHASP.	c.367	VṚDDHABṚHASPATI ? 
1	Verz. d. Cambr. Hdschr.	c.368a	? 
1	d. Cambr. H.	c.368b	? 
1	Verz. d. T. H.	c.372a	? 
1	Verz. d. T. Hdschrr.	c.372c	? 
1	HEMAC.	c.376a	HEMACANDRA ? 
1	HEMACANDRA	c.376b	HEMACANDRA ? 
1	BOEHTL.	c.377c	? 
1	AMṚTANĀD. UP.	c.386	AMṚTANĀDOPANIṢAD  ? 
1	BHAVIṢYOTT.-P.	c.389a	BHAVIṢYOTTARAPURĀṆA ? 
1	ŚĀṄKH. ĀR.	c.393	? [Cologne addition]
1	ŚABDAKAUSTUBHA	c.394	ŚABDAKAUSTUBHA ? 
1	G. BÜHLER	c.398	? 
1	J. GRIMM	c.401	Jacob Grimm (1785-1863), German author, 
1	GRIMM, Wört.	c.401a	? 
1	J. As. S. Lond. N.	c.403	? 
1	Or. u. Occ.	c.408a	? 
1	PTOLEMAEUS	c.410	? 
1	PTOLEMAIOS	c.410a	? 
1	PTOLEM.	c.410b	? 
1	PTOL.	c.410c	? 
1	RAVERTY	c.411	? 
1	ROER	c.414a	? 
1	ROEDIGER und POTT	c.415	? 
1	Journ. of the Roy. As. Soc. of Gr. Br. & Ir.	c.419	? 
1	SAṂK. K.	c.421a	? 
1	SAṂSKH. K.	c.421c	? 
1	SCHMIDT	c.426	? 
1	STAN. JULIEN	c.430	? 
1	ST. JULIEN, Les Avadānas	c.430b	? 
1	STEV.	c.431	? 
1	Spruch	c.434	? 
1	Bull. de l'Acad. Imp. des sc. de St. P.	c.435	? 
1	Bulletin de I'Acad. Imp. des sc. de St. - Pét.	c.435a	? 
1	Bull. de l'Acad. des Sc. de S.-P.	c.435b	? 
1	Bull. de l'Acad. Imp. des sc.	c.435c	? 
1	TAITT. SAṂH.	c.436	? 
1	TH. AUFRECHT	c.437	? 
1	TH. GOLDSTÜCKER.	c.438	? 
1	VAIV. P.	c.442	 ? 
1	VṚDDHA-MANU	c.448a	 ? 
1	W. PERTSCH	c.450	 ? 
1	WALKER	c.451	 ? 
1	WALLICH	c.452	 ? 
1	WIGHT	c.456	 ? 
1	WINDISCH	c.458	 ? 
1	YATES, Gr.	c.460	 ? 
1	KĀPIŚĀV.	c.561	?  
1	BHĀTUP.	c.562	?  
1	ĀHN.	c.563	?  
1	SABVADARŚANAS.	c.565	?  
1	KATHĀH.	c.566	?  
1	KĀUŚ.	c.568	?  
1	KṢITĪC.	c.570	?  
1	ĀNANDAD.	c.571	?  
1	NĪDĀNAS.	c.574	?  
1	ŚAṂKARAVIJ.	c.576	?  
1	RAGG.	c.579	?  
1	ṢAḌV.	c.582	?  
1	KĀYVAPR.	c.583	?  
1	ŚĪC.	c.584	?  xs
1	ŚṚṄGONNATYADH.	c.585	?  
1	SPAṢṬ.	c.586	?  
1	KAUŚR.	c.587	?  
1	PARŚVANĀTHAK.	c.588	?  
1	KĀTHOP.	c.592	?  
1	CAṆDRAGR.	c.593	?  
1	BĀṢĀP.	c.594	?  
1	KUMĀRĀS.	c.595	?  
1	LAṬY.	c.597	?  
1	SŪRYAGRAH.	c.598	?  
1	ĀRJ.	c.599	?  
1	PENTAGL.	c.600	?  
1	KĀR.	c.602	?  
1	NYĀYAD.	c.603	?  
1	KUVALĀY.	c.606	?  
1	MUDHĀR.	c.607	?  
1	ŚṚṄGONNATY.	c.608	?  
1	VĪRAMITROD.	c.609	?  
1	DĀYAB.	c.610	?  
1	DHARMAVIV.	c.612	?  
1	CUSUM.	c.613	?  
1	CAUBAP.	c.614	?  
1	ANANDAL.	c.615	?  
1	PRAŚNOTTARAR.	c.617	?  
1	GOPĀLATĀP.	c.619	?  
1	BRĀMAṆ.	c.620	?  
1	BHARAṬAK.	c.621	?  
1	MITĀKṢ.	c.622	?  
1	CAUKAP.	c.623	?  
1	BRĀHMAN.	c.625	?  
1	ŚṚṄGONN.	c.626	?  
1	VĀGBG.	c.627	?  
1	JVĀLĀVALĪT.	c.628	?  
1	GRAHACCHĀY.	c.629	?  
1	SARVADABŚANAS.	c.630	?  
1	KENBOP.	c.631	?  
1	MĪMĀM̃SĀD.	c.632	?  
1	KATHĀṢ.	c.633	?  
1	KANOP.	c.634	?  
1	VYUT.	c.635	?  
1	HID.	c.638	?  
1	LIT.	c.640	?  
1	PĀRŚVANĀTHĀK.	c.641	?  
1	GRHYASAM̃GR.	c.642	?  
1	SARVĀDARŚANAS.	c.643	?  
1	BHŪRTAS.	c.644	?  
1	KOSEG.	c.646	?  
1	RAGHUV.	c.648	?  
1	YĀTRĀ.	c.649	?  
1	SĀMAVIDH.	c.650	?  
1	KAT.	c.651	?  
1	VĀGHB.	c.653	?  
1	PRĀV.	c.655	?  
1	CAR.	c.657	?  
1	CIŚ.	c.658	?  
1	ŚṚṄGABH.	c.659	?  
1	ARYABH.	c.660	?  
1	CAṬHOP.	c.663	?  
1	TARĀN.	c.665	?  
1	RĀJAṆ.	c.666	?  
1	KAPĪŚĀVAD.	c.667	?  
1	PRASAM̃GĀBH.	c.668	?  
1	DHAMMAP.	c.669	?  
1	MADHYAMĀDH.	c.671	?  
1	TARKĀS.	c.673	?  
1	MANĀN.	c.674	?  
1	CAITANYACANDROD.	c.675	?  
1	DĀYAKRAM.	c.676	?  
1	ŚIK.	c.677	?  
1	CAURĀP.	c.678	?  
1	SPHUṬAGATIV.	c.680	?  
1	KĀVYĀS.	c.682	?  
1	YAJÑADATT.	c.684	?  
1	KĀP.	c.685	?  
1	OD.	c.686	?  
1	PHEṬK.	c.687	?  
1	LAGHŪJ.	c.688	?  
1	BUDDHACAR.	c.689	?  
1	CĀTAK.	c.691	?  
1	ŚĀṆD.	c.692	?  
1	BHAGH.	c.693	?  
1	PRĀTAPAR.	c.694	?  
1	NIRṆAYAS.	c.695	?  
1	SŪŚR.	c.698	?  
1	BHAVAPR.	c.699	?  
1	KṢITĀIŚ.	c.701	?  
1	SRŚR.	c.702	?  
1	YOSAG.	c.703	?  
1	TAHKAS.	c.705	?  
1	KAPIŚĀVAD.	c.706	?  
1	VIVĀDĀC.	c.707	?  
1	BUDDHACARITAK.	c.710	?  
1	SARVADARŚARNAS.	c.711	?  
1	ANUPAD.	c.712	?  
1	VEDĀNṬAS.	c.713	?  
1	VĀSAVADATT.	c.714	?  
1	HEROD.	c.715	?  
1	TATTAVAS.	c.717	?  
1	ŚICUP.	c.718	?  
1	BĀLABH.	c.719	?  
1	NYĀYAG.	c.721	?  
1	MEG.	c.723	?  
1	KṢITIŚ.	c.725	?  
1	SAṂSK.	c.726	?  
1	GORH.	c.727	?  
1	KUMĀRAN.	c.728	?  
1	KAMĀRAS.	c.729	?  
1	DHŪRITAS.	c.731	?  
1	DEVĪBHĀG.	c.732	?  
1	PŪRVACĀTAKĀṢṬ.	c.735	?  
1	PĀṬ.	c.736	?  
1	UTTARAT.	c.737	?  
1	NALOR.	c.738	?  
1	ĀRAṆY.	c.739	?  
1	UTTARARMAC.	c.740	?  
1	HĀK.	c.741	?  
1	MAHĀNĀT.	c.743	?  
1	BHAGAṆ.	c.744	?  
1	NĀJĀN.	c.746	?  
1	GĀRUḌAP.	c.749	?  
1	INDṚ.	c.750	?  
1	DVĀVIṂŚATYAVAD.	c.751	?  
1	ĀŚR. GṚHY.	c.753	(print error for ĀŚV. GṚHY. ?) 
1	BLAND	c.754	? 
1	Bibl. Ind. new ser.	c.755a	? 
1	CURTIUS, Gr. d. gr. Etym.	c.759	? 
1	COWELL, Calcutta 1864.	c.760	? 
1	CSOMA, Tib. Gr.	c.761	? 
1	GUṆIT. SPAṢṬĀDH.	c.766	? 
1	HAUG, Essays	c.767	? 
1	HERM. JACOBI.	c.768	? 
1	Ind. Lit.	c.771	? 
1	CHĀND. BR.	c.772	? 
1	MAHĀNĀH. UP.	c.776	? 
1	RĀM. ed. Bomb.	c.778	Bombay ed. of Rāmāyaṇa, 1859-1864 [Colog
1	ABHIDHĀNOTTARA	c.820	?  
1	MALAYAGIRI	c.823	?  
1	UTPATTITANTRA	c.825	?  
1	ŚRĪHARIBHAKTIVILĀSA	c.827	?  
1	PRAŚNOTTARAMĀLĀ	c.829	?  
1	SĀDHANAMĀLĀ	c.830	?  
1	KAPIŚĀVADĀNA	c.831	?  
1	KṚKALĀSADĪPIKĀ	c.832	?  
1	SAMPUṬODBHAVA	c.834	?  
1	SAṂHITOPANIṢADBRĀHMAṆA	c.835	?  
1	TĀRANĀTHA	c.836	?  
1	VAJRĀSANASĀDHANAMĀLĀ	c.837	?  
1	PŪRVACĀTAKĀṢṬAKA	c.839	?  
1	NAIGH	c.841	?  
1	ŚṚṄGĀRARASĀṢṬAKA	c.842	?  
1	DAKṢA	c.843	?  
1	JYOTIS	c.844	?  
1	PRĀYAŚCITTENDUŚ	c.845	?  
1	KENOP	c.846	?  
1	KEDĀRA	c.847	?  
1	AṢṬĀVAKRA	c.849	?  
1	GOPĀLATĀPANĪ	c.855	?  
1	UDDHAVADŪTA	c.858	?  
1	GṚHYAS	c.861	?  
1	MĀYĀTANTRA	c.867	?  
1	CARARA	c.868	?  
1	AṢṬĀVAKHA	c.869	?  
1	CAURAP	c.870	?  
1	BHAGAVATĪGĪTĀ	c.871	?  
1	MṚCCH	c.872	?  
1	KAIVALYATANTRA	c.874	?  
1	VĪRAMITR.	c.876a	VĪRAMITRODAYA ?  
1	SAṂPUṬODBHAVA	c.877	?  
1	CANOPUS	c.878	?  
1	KṚIKALĀSADĪPIKĀ	c.881	?  
1	NYĀYASŪTRA	c.882	?  
1	ŚRĪBHAKTIVILĀSA	c.883	?  
1	Verz. d. Cambr. K.	c.885	? 
1	Verz. der B. H.	c.889	? 
1	VARṆAV.	c.960a	?  
1	BRHASPATI	c.989	?  
1	SARVASVA	c.990	?  
1	GAṄGĀMĀH.	c.991	?  
1	NĀGOJ.	c.992	?  
1	SĀṂGĪTADĀM.	c.993	?  
1	DRAVYĀBHIDHĀNA	c.994	?  
1	SUBANDHU	c.995	?  
1	EKĀCṢARAK.	c.997	?  
1	SIDDHĀNTALAKṢAṆAJĀGADĪŚĪ	c.998	?  
1	KUṆARAVĀḌAVA	c.999	?  
1	UGJVAL.	c.1000	?  
1	KARIKALPADRUMA	c.1001	?  
1	GAYĀMĀHĀTMYA	c.1002	?  
1	SAṂDEHABHAÑJIKĀ	c.1003	?  
1	JYOTIHSĀGARA	c.1004	?  
1	RŪPAMAÑJARĪ	c.1006	?  
1	PĀCARĀJEŚVARA	c.1007	?  
1	PĀRAŚ.	c.1008	?  
1	BṚHADDEVATĀ	c.1010a	?  
1	GAṄGĀSTOTRA	c.1011	?  
1	BHUVANEŚVARĪSTOTRA	c.1012	?  
1	SŪRYASTOTRA	c.1013	?  
1	ŚĀRṄGADHARA	c.1014	?  
1	VIDEHĀDHIPA	c.1015	?  
1	VASANTARĀJAŚĀKUNA	c.1016	?  
1	DEVA	c.1017	?  
1	DHĀR.	c.1018	?  
1	NĀRĀYAṆACAKRAV.	c.1019	?  
1	MAITRĀYAṆOP.	c.1020	?  
1	ĀHNIKĀCĀRATATTVA	c.1021	?  
1	SANANDA	c.1022	?  
1	ŚABDAŚAKTIPRAKĀŚIKĀ	c.1024	?  
1	KĀḌ.	c.1025	?  
1	BHĀRADV.	c.1027	?  
1	SĀRASAMUCCAYA	c.1028	?  
1	KUMĀRA	c.1029	?  
1	HĀSYĀRṆAVAN.	c.1030	?  
1	PURUṢOTTAMAD.	c.1031	?  
1	AŚVATANTRA	c.1032	?  
1	BHĪMAPARĀKRAMA	c.1033	?  
1	GARBHOPAN.	c.1034	?  
1	ŚABDASAṂDARBHASINDHU	c.1035	?  
1	SŪRYASTAVA	c.1036	?  
1	SUVARNAPR.	c.1037	?  
1	GĀRGYA	c.1038	?  
1	RASENDRACINTĀMAṆI	c.1039	?  
1	GAṄGĀPRAÑĀMAMANTRA	c.1040	?  
1	NAVAGRAHASTOTRA	c.1041	?  
1	MAHANĀṬ.	c.1042	?  
1	GAṆARATS.	c.1043	?  
1	VEDĀNTASĀRATĪKĀ	c.1045	?  
1	MANTRAKALPADRUMA	c.1046	?  
1	GĀLAVA	c.1047	?  
1	BĀDARI	c.1048	?  
1	BHAVADEVA	c.1049	?  
1	DHARMADĪPIKĀ	c.1050	?  
1	PHAṆIBHĀṢYA	c.1051	?  
1	RATNAMATI	c.1054	?  
1	VĪREŚVARASTOTRA	c.1056	?  
1	JATĀḌH.	c.1057	?  
1	KĀTTIKA	c.1059	?  
1	ĀNANDACAMPU	c.1060	?  
1	GAṆEŚOPAP.	c.1061	?  
1	RASIKAR.	c.1062	?  
1	MADHUSŪDANA	c.1063	?  
1	BHĀSK.	c.1064	?  
1	MĀDHAV.	c.1065	?  
1	KAULĀRCANADĪPIKĀ	c.1069	?  
1	LIṄGAP.	c.1070	?  
1	EKĀKṢARĀBHIDHĀNA	c.1071	?  
1	SAṂGĪTÁDAM.	c.1072	?  
1	MĀLAMASAT.	c.1073	?  
1	BHAGIN	c.1074	?  
1	ŚYĀMĀR.	c.1075	?  
1	UṆĀDIVṚ	c.1076	?  
1	PAŚUPATIPADDH.	c.1077	?  
1	DOLĀYĀTRĀPADDHATI	c.1078	?  
1	VYĀGHRABH.	c.1079	?  
1	RĀMATARKAVĀGĪŚA	c.1080	?  
1	UJJVALADATTA	c.1081a	Name of the author of a commentary on th
1	HEMĀDRI	c.1083	?  
1	ŚRĪTATTVACINTĀMAṆI	c.1084	?  
1	VĀTSYĀYANA	c.1086	?  
1	ŚĀKALA	c.1087	?  
1	MĀLAMĀSATATTVA	c.1088	?  
1	KAVIKAṆTHAHĀRA	c.1089	?  
1	NAGNAVṚTTI	c.1090	?  
1	JYOTHIṢA	c.1091	?  
1	HARṢACAR.	c.1092	?  
1	PRĀYAŚCIṬTAV.	c.1093	?  
1	VARṆADEŚANĀ	c.1094	?  
1	PĪṬHAMĀLĀ	c.1095	?  
1	PRAŚNASĀRA	c.1096	?  
1	GUṆARATNAM.	c.1098	?  
1	BHĀNUDĪKṢ.	c.1100	?  
1	PRAVAR.	c.1101	?  
1	UNVĀHAT.	c.1102	?  
1	VALLABHA	c.1103	?  
1	ŚABDAMUKTĀV.	c.1104	?  
1	VĀTAR.	c.1106	?  
1	RĀJAMĀRTAṆDA	c.1107	?  
1	SĀÑJA	c.1108	?  
1	SIDDHAM.	c.1109	?  
1	PARAMAHAṂSOPAN.	c.1110	?  
1	PĀRĀYAṆĪYA	c.1111	?  
1	MAGHUS.	c.1112	?  
1	ŚĀRADĀTIL.	c.1113	?  
1	LĪL.	c.1114	?  
1	RĀJAM.	c.1115	?  
1	YATIDHARMASAṂGRAHA	c.1116	?  
1	SATPADYARATNĀKARA	c.1117	?  
1	JIRṆAMAÑJARI	c.1118	?  
1	PURUṢASŪKTA	c.1120	?  
1	SĀṂKHYASĀRA	c.1121	?  
1	BHŪHIPR.	c.1122	?  
1	ACYUTA	c.1123	?  
1	KOṢṬHĪPRAD.	c.1125	?  
1	GADYARĀM.	c.1126	?  
1	KṢURIKOPAN.	c.1127	?  
1	DHANVIN	c.1128	?  
1	BĀLAKĀSYA	c.1129	?  
1	PRĀCĪNAŚIVASTUTI	c.1131	?  
1	VIKRAMĀDITYARĀJASABHĀ	c.1132	?  
1	KṚTYATATTVA	c.1133	?  
1	JĀTAKA	c.1134	?  
1	SARASVATĪKAṆṬHĀBHARAṆA	c.1135	?  
1	GAṬĀḌH.	c.1137	?  
1	JĀNAKĪHARAṆA	c.1138	?  
1	JYOTIHSĀRASAṂGRAHA	c.1140	?  
1	GŪḌHĀRTHADĪPIKĀ	c.1143	?  
1	SAṂGĪTARATN.	c.1144	?  
1	KAIYYAṬA	c.1145	?  
1	NIRUKTĀDHYĀYA	c.1146	?  
1	DĀNADHARMA	c.1147	?  
1	GRAHALĀGHAVA	c.1148	?  
1	AVAYAVAGRANTHAGĀDĀDHARĪ	c.1149	?  
1	RM.	c.1151	?  
1	VIDVANMODATARAṂGIṆĪ	c.1152	?  
1	SUVARṆAREKHA	c.1154	?  
1	NĀGOJĪBHAṬṬA	c.1155	?  
1	BHŪTAḌĀMARA	c.1156	?  
1	ĀCĀRAMĀRTAṆḌA	c.1157	?  
1	ŚAṂKARAVIJAYA	c.1159	?  
1	KHAḌGAMĀLĀTANTRA	c.1160	?  
1	ŚUBHĀṄKA	c.1161	?  
1	EKĀKṢARAKOṢA	c.1162	?  
1	NYĀYAMĀLAV.	c.1164	?  
1	DAMAYANTĪKATHĀ	c.1165	?  
1	PURUṢOTTOMA	c.1166	?  
1	KAVIRAHASYA	c.1168	?  
1	TARKAVĀGĪŚA	c.1169	?  
1	HARISVĀMIN	c.1170	?  
1	VṚDDHAYOGATARAṂGIṆĪ	c.1171	?  
1	JÑĀNABHAIRAVATANTRA	c.1172	?  
1	ĀKNIKAT.	c.1173	?  
1	ŚĀKTĀNANDAT.	c.1174	?  
1	BHĀGAVATĀMṚTA	c.1175	?  
1	RANTI	c.1176	?  
1	DVIRŪPAK	c.1177	?  
1	ŚĀṄTIŚ.	c.1178	?  
1	GUTSCHMID	c.1179	?  
1	MĀHĪDH.	c.1180	?  
1	GAURAGAṆODDEŚA	c.1183	?  
1	RĀYĀM.	c.1184	?  
1	DELIUS	c.1185	?  
1	SAṂGĪTAŚ.	c.1186	?  
1	GAṆABHEDA	c.1187	?  
1	LAKṢMAṆASENA	c.1188	?  
1	ŚABDĀRTH.	c.1190	?  
1	BHĀVAVIVEKA	c.1191	?  
1	CABDAR.	c.1192	?  
1	VĪJĀBHIDHĀNA	c.1193	?  
1	DVIRŪP.	c.1194	?  
1	UTTARARATNA	c.1196	?  
1	SAṂGĪTARATNĀK.	c.1197	?  
1	KULASADBHĀVA	c.1199	?  
1	SIDDHĀNTAMUKT.	c.1200	?  
1	ŚABDABHEDAPRAKĀŚA	c.1201	?  
1	PAITHĪNASI	c.1202	?  
1	ŚAKTISAṂGAMATANTRA	c.1203	?  
1	VṚDDHAGĀRGYA	c.1205	?  
1	ARJUNAM.	c.1206	?  
1	VIVĀHAPADDH.	c.1207	?  
1	HṚDAYAD.	c.1208	?  
1	HĀRITA	c.1209	?  
1	MALAMĀSAV.	c.1210	?  
1	JĀMBAVATIVIJAYAKĀVYA	c.1214	?  
1	BHŪRIPR	c.1216	?  
1	BRAHMAGUPTA	c.1217	?  
1	BHARADVĀJA	c.1218	?  
1	ŚRĀDHAT.	c.1219	?  
1	ŚIVARĀTRIVRATAKATHĀ	c.1220	?  
1	ŚRIPATI	c.1223	?  
1	LĪLAV.	c.1224	?  
1	KĀLIKĀŚATANĀMASTOTRA	c.1225	?  
1	VAIDYAKAPRAYOGĀMṚTA	c.1226	?  
1	AGAYAPĀLA	c.1227	?  
1	RŪPAM.	c.1228	?  
1	ADHIKARAṆAMĀLĀ	c.1229	?  
1	YOGINĪTANTRA	c.1230	?  
1	VAIDYA	c.1231	?  
1	KALĀY.	c.1232	?  
1	DIVYAT.	c.1233	?  
1	KOṢTHĪPR.	c.1234	?  
1	NĀNAIKĀKṢARAK.	c.1235	?  
1	VAIDYADARPAṆA	c.1236	?  
1	SAṂGĪTANĀRĀYAṆA	c.1237	?  
1	RATNAPRAKĀŚA	c.1238	?  
1	DRAVYARATNĀKARA	c.1239	?  
1	GĀRGI	c.1240	?  
1	NĀḌĪPRAKĀŚA	c.1241	?  
1	BHAṬṬOPALA	c.1243	?  
1	GĀYATRĪVYĀKHYĀ	c.1244	?  
1	KAUṬILYA	c.1245	?  
1	PĀṂŚUPRAD.	c.1248	?  
1	RUCISTAVA	c.1249	?  
1	BHŪTAŚUDDHITANTRA	c.1250	?  
1	BHŪTAŚUDDHIPRAKARAṆA	c.1250a	?  
1	SVĀMAN	c.1251	?  
1	MALAMĀSATATTVA	c.1253	?  
1	RAMĀṆ.	c.1254	?  
1	HṚDAYADĪPA	c.1255	?  
1	GADĀDHARABHAṬṬĀCĀRYA	c.1256	?  
1	GADĀDHARA	c.1256a	GADĀDHARA= ?  
1	JALĀŚAYATATTVA	c.1257	?  
1	DVYARTHODBHAṬAKĀVYA	c.1259	?  
1	HARAVILĀSA	c.1260	?  
1	HAṂSANĀDOP.	c.1261	?  
1	KULADĪP.	c.1262	?  
1	BHŪTAŚUDDHIT.	c.1263	?  
1	RŪPARATNĀK.	c.1265	?  
1	GAṄGEŚOPĀDHYĀYA	c.1266	?  
1	PADYĀV.	c.1267	?  
1	BAUDDHĀDHIKĀRACINTĀMAṆI	c.1270	?  
1	VICĀRANIRṆAYA	c.1271	?  
1	ŚABDHĀRTHAKALPAT.	c.1273	?  
1	BHŪTAḌĀMARATANTRA	c.1274	?  
1	KAIVALYAT.	c.1275	?  
1	ANEKĀRTHADHVANIMAÑJARĪ	c.1276	?  
1	CARET	c.1278	?  
1	JONES	c.1279	?  
1	PUṆḌARĪKĀKṢA	c.1280	?  
1	BĀṆABHAṬṬA	c.1281	?  
1	ALBYR.	c.1282	?  
1	MUKUTA	c.1285	?  
1	VĀSIṢṬHARĀMĀYAṆA	c.1286	?  
1	BHADRAKĀLĪKAVACA	c.1287	?  
1	GRAHAYAJÑAT.	c.1288	?  
1	JĀTAKADĪPIKĀ	c.1289	?  
1	BAHVṚCAGṚHYAPADDHATI	c.1290	?  
1	ŚRĀDDHAPRAYOGATANTRA	c.1291	?  
1	KĪCAKAVADHA	c.1293	?  
1	DHAN.	c.1296	?  
1	GRAHAYAJÑATATTVA	c.1297	?  
1	BHAIRAVADHYĀNA	c.1298	?  
1	SŪKTIKAṆĀMṚTA	c.1299	?  
1	JAYADEVA	c.1300	?  
1	GAUTAMĪYATANTRA	c.1301	?  
1	KĀLEŚI	c.1302	?  
1	ĀCĀRABHEDATANTRA	c.1303	?  
1	ŚUDDHITATTVA	c.1304	?  
1	APARĀJITĀSTOTRA	c.1305	?  
1	KĀŚIKĀ	c.1306	?  
1	VAIDYAKAPARIBH.	c.1310	?  
1	ŚAṂKARĀNANDADĪPAKĀ	c.1311	?  
1	BHARTṚHARI	c.1312	?  
1	ALAṂKĀRAŚĀSTRA	c.1314	?  
1	PAÑCASĀYAKA	c.1315	?  
1	ATHARVAŚ.	c.1317	?  
1	SAṂGĪTASINDHU	c.1318	?  
1	HANŪMANT	c.1319	?  
1	RASACANDRIKĀ	c.1320	?  
1	MAHEŚVARA	c.1321	?  
1	SUBHAṬA	c.1322	?  
1	RATIR.	c.1323	?  
1	KĀVYODAYA	c.1324	?  
1	VIJĀBHIDHĀNA	c.1325	?  
1	TEGOVINDŪP.	c.1326	?  
1	UḌĀDIK.	c.1327	?  
1	KĀŚĪMĀH.	c.1328	?  
1	HARṢACARITA	c.1329	?  
1	NĀGOJĪ	c.1330	?  
1	GṚHYAPADDH.	c.1331	?  
1	NAKULA	c.1332	?  
1	ĀTMAB.	c.1334	?  
1	KULANĀTHA	c.1335	?  
1	PĀRASK.	c.1336	?  
1	RAGHU	c.1339	?  
1	AIŚĀNASAṂH.	c.1340	?  
1	NĀRĀYAṆACAKRAVARTIN	c.1341	?  
1	KRAMASAṂGRAHA	c.1343	?  
1	VEDĀNTAŚIKH.	c.1345	?  
1	JÑĀNAKĀṆḌAŚEṢARAHASYA	c.1346	?  
1	UṆĀDIVIṚ.	c.1347	?  
1	K. Pr. Ak. d. Ww.	c.1348	? 
1	MON. WILL.	c.1351a	? 
1	WILLIAMS	c.1351b	? 
1	MṚTYUL. UP.	c.1352	? 
1	Mrs. MANNING, Anc. and Med. India	c.1354	? 
1	TĀṆḌYA-BR.	c.1356	TĀṆḌYABRĀHMAṆA  ? 
1	POTT'S Zigeuner	c.1357	? 
1	POTT, Zig.	c.1357a	? 
1	BHAVA'S	c.1358	? 
1	A. C. BURNELL	c.1361	? 
1	SĀRASVATĪ PRAKRIYĀ.	c.1362	? 
1	PURUṢAKARA (WEST.)	c.1363	? 
1	ĀP. PRAJ.	c.1365	? 
1	KIRĀTĀRJUNĪYA.	c.1387	?  
1	VĀBHAṬA	c.1388	?  
1	LANGL	c.1389	?  
1	BRĀHMM.	c.1394	?  
1	PADMAPURĀṆA	c.1395	?  
1	BHAGAVADGĪTĀ	c.1396	?  
1	ŚĀṬYĀYANA	c.1399	?  
1	CHĀNDOGYABHĀṢYA.	c.1400	?  
1	MAR	c.1401	?  
1	NĪDAK.	c.1403	?  
1	ĀDYAVAHNIPURĀṆA.	c.1404	?  
1	ŚĀNKHĀYANA	c.1405	?  
1	ANEKĀRTHAKOŚA	c.1406	?  
1	CANḌRA	c.1407	?  
1	STOTRA.	c.1408	?  
1	PALLAS	c.1409	?  
1	DAṆḌĀDINĀTHA	c.1410	?  
1	SMṚTYARTHASĀGARA	c.1411	?  
1	KAVIRĀJA	c.1412	?  
1	VĀGBHAṬA	c.1414	?  
1	MĀLAVIKĀGNIMITRA.	c.1415	?  
1	DEŚĪK.	c.1416	?  
1	VASUBANDHU	c.1418	?  
1	ŚRĪŚIVAYĀMALA.	c.1420	?  
1	VRATARĀJA	c.1421	?  
1	KALHAṆA.	c.1422	?  
1	SARASVATĪPR.	c.1423	?  
1	RĀDHĀKĀNTA	c.1424	?  
1	RĀDHĀKĀNTADEVA	c.1424a	?  
1	TĀṆḌYABRĀHMAṆA	c.1425	?  
1	SUPRABHĀTASTOTRA.	c.1426	?  
1	MANTRAMAHOD.	c.1428	?  
1	ELLIOT	c.1429	?  
1	KĀṬHAKOPANIṢAD	c.1430	?  
1	DURGOTSAVAPRAYOGA.	c.1433	?  
1	PHETKĀRĪYATANTRA.	c.1435	?  
1	TARKASAṂGRAHA	c.1436	?  
1	YAJUS	c.1437	?  
1	PYTHAG.	c.1438	?  
1	ĀRYAVIDYĀSUDH.	c.1439	?  
1	CAKRAVARMAN	c.1442	?  
1	ADHIVĀSAMANTRA	c.1443	?  
1	HAAS	c.1444	?  
1	KAVACA.	c.1445	?  
1	KOCTH	c.1446	?  
1	SOMADEVA	c.1447	?  
1	VOC.	c.1448	?  
1	DHŪRTASAMĀGAMA.	c.1449	?  
1	NB	c.1450	?  
1	BĀPŪDEVA	c.1451	?  
1	BĀPŪD.	c.1451a	?  
1	JYOTIḤŚĀSTRA	c.1452	?  
1	BRAHMAG.	c.1456	?  
1	NĪKAK.	c.1457	?  
1	DIEZ	c.1458	?  
1	KLATT	c.1459	?  
1	CARR	c.1460	?  
1	SĀṂKHYAPRAVACANA.	c.1463	?  
1	KALĀPAṬĪKĀVYĀKHYĀSĀRA	c.1464	?  
1	AMARASIṂHA	c.1465	?  
1	ṚTUS.	c.1466	?  
1	JYOTIḤŚĀSTRA.	c.1467	?  
1	ALAṂKĀRAC.	c.1468	?  
1	VYĀGHRABHŪTI	c.1470	?  
1	JUMARAVYĀKARAṆA.	c.1471	?  
1	HOM.	c.1472	?  
1	DVĀVIṂŚATYAVADĀNAKA.	c.1473	?  
1	MIHIRA	c.1474	?  
1	NṚSIṂHA	c.1476	?  
1	MARĪDH.	c.1477	?  
1	LANGI.	c.1479	?  
1	KATAKA.	c.1481	?  
1	ŚAṂKARAMIŚRA.	c.1482	?  
1	KLAPROTH	c.1484	?  
1	CAKR.	c.1485	?  
1	JAGADDH.	c.1486	?  
1	YOGIYĀJÑAVALKYA	c.1488	?  
1	GOVINDARĀJA	c.1489	?  
1	KALĀPAVYĀKARAṆA.	c.1490	?  
1	UJJVAL	c.1491	?  
1	SARASVATĪKAṆṬHĀBH.	c.1492	?  
1	BAHVṚCA	c.1493	?  
1	PĀNINI	c.1496	?  
1	BERGSTEDT.	c.1497	?  
1	SĀMAGĀNA	c.1498	?  
1	WEST	c.1499	?  
1	EURNOUF.	c.1500	?  
1	HARADĀSA	c.1501	?  
1	PADAP.	c.1502	?  
1	MONTGOMERY MARTIN, Eastern India	c.1504a	? 
1	MUGDHABODHA	c.1505	? 
1	NĀDAPURĀṆA	c.1506	? 
1	BHĀH. P.	c.1510	?  
1	BĀLA	c.1512	?  
1	BHAṬṬOTPOLA	c.1513	?  
1	KṚṢṆAJĀMALA	c.1514	?  
1	SUMANTUSŪTRA	c.1515	?  
1	ŚRĀDDHAPRAKARAṆA	c.1516	?  
1	BHAVABHŪTI	c.1517	?  
1	ANANTA-BHAṬṬA-KAVI	c.1518	?  
1	AUPAMANYAVA NIR.	c.1522	?  
1	ATHARVAŚIR. UP.	c.1524	?  
1	ADHYĀTMARĀMĀYAṆA	c.1529	?  
1	AURṆAVĀBHA	c.1530	?  
1	ŚĀṆḌILYA	c.1531	?  
1	BRAHMAJĀMALA	c.1533	?  
1	AGASTYA	c.1534	?  
1	AITAREYA ĀRAṆYAKA	c.1535	?  
1	BRAHMĀṆḌAPURĀṆA	c.1536	?  
1	ŚAIVATANTRA	c.1537	?  
1	BERGHAUS	c.1540	?  
1	BÜLLER	c.1541	?  
1	Beitr. z. Kenntn. d. russ. Reiches	c.1542	?  
1	BUCHANAN'S Handschrr.	c.1543	?  
1	BUCHANAN'S Hdschrr.	c.1544	?  
1	Berichte der phil.-hist. Cl. d. K. S. G. d. Ww	c.1545	?  
1	ARR. Ind.	c.1547	?  
1	GOL. TRIPRAŚNAV.	c.1550a	?  
1	VĀḌI	c.1553	?  
1	HĀRĀVALĪ	c.1554	?  
1	LAGHU-VIṢṆU	c.1555	?  
1	ERNST KUHN	c.1558	?  
1	VIMALABODHA'S	c.1561	?  
1	Hort. Beng.	c.1562	?  
1	HALĀYUDHA'S	c.1566	?  
1	LANG.	c.1567	?  
1	SŪRYADEVA	c.1568	?  
1	KĀPYAPR.	c.1570	?  
1	DHARMAPRADĪPA	c.1571	?  
1	ERNST WINDISCH	c.1573	?  
1	DEVĪPURĀṆA	c.1574	?  
1	ĪŚVARAG.	c.1575	?  
1	LIṄGĀRCANATANTRA	c.1576	?  
1	ĀRYĀS.	c.1577a	 ?  
1	BHAGAṆĀDHY.	c.1578	?  
1	Cow.	c.1581	Edward Byles Cowell (1826-1903), first p
1	JĀBĀLI	c.1582	?  
1	KAUṢ.	c.1585	?  
1	KṚṢṆA	c.1587	?  
1	GROHMANN	c.1588	?  
1	MĀDHYAṂDINA-Rec.	c.1589	?  
1	FRITZE	c.1591	?  
1	SIDDHĀNTALAKṢAṆA	c.1592	?  
1	KĀYAKĀ-P.	c.1593	?  
1	MĀṆḌUKYOPANIṢAD	c.1594	?  
1	LAKṢMAṆA-KAVI	c.1596	?  
1	F. NEVE'S Essay sur le mythe des Ribhavas. Paris 1847.	c.1597	?  
1	SŪRYA	c.1599	?  
1	RĀGHAVĀNANDA	c.1600	?  
1	KĀVYAKAUMUDĪ	c.1601	?  
1	SĀṂKHYAKĀRIKĀ	c.1602	?  
1	PRAKRIYĀKAUMUDĪ	c.1603	?  
1	KRAMASAṂD.	c.1605	?  
1	KĀṬAVEMA	c.1607	?  
1	HELMERSEN	c.1608	?  
1	PĀRĀYAṆA	c.1609	?  
1	DHANURV.	c.1610	?  
1	JOHNSON	c.1613	?  
1	HÖFER, Leseb.	c.1616	?  
1	KĀTYA	c.1618	?  
1	GAUDAPĀDA'S	c.1623	?  
1	BHĀṢYA	c.1624a	?  
1	HANUMATSTOTRA	c.1625	?  
1	MAITRĀYAṆĪYAKA	c.1626	?  
1	MĀṆḌ. ŚIKṢĀ	c.1628	?  
1	PARAŚURĀMAPRAKĀŚA	c.1630	?  
1	GOPĀLOPANIṢAD	c.1632	?  
1	Zur G. u. L. d. W.	c.1633	?  
1	STANISLAS JULIEN	c.1634	?  
1	JAYARĀMA'S	c.1636	?  
1	PRAUḌHAMANOR.	c.1637	?  
1	YĀJNIKAD.	c.1638	?  
1	SIṂHĀSANA	c.1639	?  
1	UTTARARĀMACARITA	c.1640	?  
1	YONIGRANTHA	c.1641	?  
1	PRAUḌHAMANORAMĀ	c.1642	?  
1	LEO MEYER	c.1644	?  
1	UTTARACORAPAÑCĀŚIKĀ	c.1645	?  
1	ĪŚVARAKṚṢṆA'S	c.1646	?  
1	GAṆIṬĀDHY.	c.1647	?  
1	ŚIT.	c.1648	?  
1	KULACANDRA	c.1650	?  
1	PLIN. H. N.	c.1651	?  
1	VIVĀDĀRṆAVAS.	c.1652	?  
1	BHAVABH.	c.1655	?  
1	BAER	c.1656	?  
1	ŚABDĀR.	c.1658	?  
1	KAUŚIKA	c.1659	?  
1	RASARATNĀKARA	c.1660	?  
1	SARVĀNUKRAMA	c.1661	?  
1	AESCH.	c.1662	?  
1	EKĀKṢARAKOŚA	c.1664	?  
1	KAIYAṬA	c.1665	?  
1	CHANDOMAÑJARĪ	c.1667	?  
1	AJAY.	c.1668	?  
1	ARHANT'S	c.1669	?  
1	BASINER	c.1670	?  
1	PĀŚAKAKEV.	c.1671	? 
1	TITHITATTVA	c.1672	? 
1	AGNISVĀMIN	c.1673	? 
1	BHĀMAHA	c.1674	? 
1	JĪVANMUKTIVIV	c.1676	? 
1	CAṆḌI	c.1677	? 
1	KĀVJĀH.	c.1679	? 
1	PARAMĀRTHAS.	c.1680	? 
1	SŪRY.	c.1681	? 
1	LAGH.	c.1686a	= ? VARĀH. LAGH. 
1	VIŚVALOCANA	c.1687	VIŚVALOCANA= ?  
1	CH. BRUCE	c.1696	? 
1	TĀṆḌYA-BRĀHMAṆA	c.1697	? 
1	BHAVADEVABH.	c.1699	BHAVADEVA BHAṬṬA ? 
1	FOE-KOUE-KI	c.1702	? 
1	VEDĀNTAKĀRIKĀ	c.1703	? 
1	VEDĀNTADARŚANA	c.1703a	? 
1	SĀMBA-P.	c.1706	? 
1	VAṂŚA-BR.	c.1707	VAṂŚABRĀHMAṆA ? 
1	CANDRAGRAHAṆĀDHY.	c.1708a	? 
1	ŚAT. CR.	c.1710	? 
1	PRB.	c.1711	?  
1	BĪJAGAN.	c.1733	?  
1	GAYĀMĀH.	c.1734	?  
1	GRAHĀNAYANĀDHY.	c.1735	?  
1	BHĀHMAṆ.	c.1737	?  
1	ĀRAṆYAG.	c.1738	?  
1	ŚṚṄGONNATIV.	c.1739	?  
1	ŚRĪKṚHṆAJANMAKH.	c.1742	?  
1	SAṂPUṬODBH.	c.1743	?  
1	CAITANYAC.	c.1744	?  
1	KULĀRṆ.	c.1746	?  
1	GOLAPR.	c.1747	?  
1	BHAGRAHAYUTYADH.	c.1748	?  
1	GRAHĀNAYANĀDH.	c.1749	?  
1	KĀLASAṂK.	c.1750	?  
1	KĀLAMĀNĀDH.	c.1751	?  
1	PRAKṚITIKH.	c.1752	?  
1	DṚKKARM.	c.1754	?  
1	GAṆITADHY.	c.1755	?  
1	DHARMAŚ.	c.1756	?  
1	KRIYĀY.	c.1757	?  
1	BODHICĀRYĀV.	c.1758	?  
1	ĀRYĀṢṬAŚ.	c.1759	?  
1	GAṆAPATIKHAṆḌA	c.1764	?  
1	CĀTAKA	c.1766	?  
1	UTTARATANTRA	c.1768	?  
1	NĪTIRATNA	c.1769	?  
1	VĀMAKEŚVARATANTRA	c.1773	?  
1	ŚRĪKRṢṆAJANMAKHAṆḌA	c.1775	?  
1	GUṆARATNA	c.1777	?  
1	MANASVIPRAŚAṂSĀ	c.1778	?  
1	UPARIBHĀGA	c.1781	?  
1	PRETAKALPA	c.1782	?  
1	SĀDHANAM	c.1783	?  
1	DHĀRAṆISAṂGRAHA	c.1784	?  
1	SAṂSARGAPRAŚAṂSĀ	c.1785	?  
1	ĀRYĀṢṬAŚATA	c.1788	? 
1	AŚVINORUTPATTIḤ	c.1789	? 
1	AJĀTAŚATRU	c.1790	? 
1	PUṢPA	c.1792	? 
1	NĪLAKAṆṬHA'S	c.1793	? 
1	NAIGHAṆṬUKA	c.1794	? 
1	NĀRĀYAṆOP.	c.1797	? 
1	BÖHT.	c.1803	? 
1	ŚĀTAPA	c.1804	? 
1	JAIM. BHĀR.	c.1805	? 
1	ŚABD.	c.1806	? 
1	ĀRYAVIDYĀSUDHĀKARA, Bomb.	c.1811	?  
1	BHĀNUDĪKṢITA	c.1812	?  
1	ŚĪTALĀSTOTRA	c.1813	?  
1	JAIM. BHĀR. ĀŚVAMEDHIKAPARVAN	c.1814	?  
1	BṚHANNĀRADĪYA	c.1815	?  
1	BṚHANNĀRADĪYA-P.	c.1816	?  
1	MĀDHAVABHĀṢYA	c.1817	?  
1	ŚĀṬY. BR.	c.1818	?  
1	ŚKR.	c.1819	(print error for ŚKDR.) ? 
1	ŚRĀDDHACINTĀMAṆI	c.1820	?  
1	ŚYĀMĀS.	c.1821	?  
1	STENZLER, De lex. sanscr. principiis	c.1823	? 
1	Die Calc. Ausg.	c.1824	? 
1	UDBHAṬADVYARTHAPADYA	c.1825	?  
1	DAMAYANTĪK.	c.1826	?  
1	DHANVANT.	c.1827	?  
1	WILSONE	c.1828	?  
1	WILSON, Dict.	c.1829	?  
1	WEST. DHĀTUP.	c.1830a	Radices Linguae Sanscrite by N. L. Weste
1	RĀMAŚARMAN	c.1831	?  
1	VIṢṆUDHARM.	c.1832	?  
1	RANTID.	c.1833	?  
1	MARĪCI	c.1840	?  
1	HARIHARASTOTRA	c.1841	?  
1	DEVARĀJAY	c.1842	?  
1	GAṄGĀVATARAṆA	c.1843	?  
1	GAYĀPADDH.	c.1845	?  
1	JYOTIṢMATĪ	c.1847	?  
1	HAUGHT	c.1848	?  
1	JANMĀṢṬAMĪVRATAKATHĀ	c.1849	?  
1	JAYĀDITYA	c.1850	?  
1	VALLABHAGAṆI	c.1852	?  
1	GAUNARDA	c.1853	?  
1	MEDHĀTITHI	c.1854	?  
1	JANMAKHAṆDA.	c.1855	?  
1	KĀŚ. zu K.	c.1860	?  
1	KALĀPA	c.1861	?  
1	MALLINĀTHA	c.1862	?  
1	KĀMĀKHYĀRŪPANIRṆAYA	c.1863	?  
1	BHĀSKARAMIŚRA	c.1864	?  
1	MĀṆḌŪKĪ ŚIKṢĀ	c.1865	?  
1	UTPALINĪK.	c.1866	?  
1	UTPALINĪKOŚA	c.1866a	?  
1	KACCĀYANAPPAKARAṆAB	c.1867	?  
1	KĀYYĀD.	c.1868	?  
1	TANTRACŪḌĀMAṆI	c.1870	?  
1	BHAṬṬIK	c.1873	?  
1	KUṆḌAPR.	c.1874	?  
1	PARAMĀDĪŚVARA	c.1880	?  
1	RÖDIGER	c.1881	?  
1	PRABODHAC.	c.1882	?  
1	PARĀŚARAPADDHATI	c.1884	?  
1	PADYĀVALĪ	c.1888	?  
1	NĀRĀYAṆADHYĀNA	c.1889	?  
1	PARIBH.	c.1890	?  
1	VIŚVAPRAKĀŚA	c.1892	?  
1	NAKṢATRAKALPA	c.1893	?  
1	RAGHUNANDANA	c.1895	?  
1	PURUṢOTT.	c.1896	?  
1	RAGHUNĀTHAM	c.1897	?  
1	WHITNEY, New Haven 1862.	c.1899	?  
1	TANTRAPRAMODA	c.1900	?  
1	RASAMANJARĪ	c.1902	?  
1	KÖPPEN. Rel. d. Buddha	c.1903	?  
1	PRĀYAŚCITTAVIVEKASAṂGRAHA	c.1904	?  
1	RĀTRILAGNANIRŪPAṆA	c.1906	?  
1	WEST. Rad.	c.1907	Radices Linguae Sanscrite by N. L. Weste
1	SARVASĀRA	c.1909	?  
1	NAVAPR.	c.1911	?  
1	WESTERGAARD, Radices	c.1912	Radices Linguae Sanscrite by N. L. Weste
1	WEST. Radices	c.1912a	Radices Linguae Sanscrite by N. L. Weste
1	RĀJ.	c.1913	?  
1	SĀRĀVALĪ	c.1915	?  
1	SĀGARŪPĀKHYĀNA	c.1917	?  
1	SĀṂKṢIPTAS.	c.1919	?  
1	SĀRACANDRIKĀ	c.1922	?  
1	ŚUDDHITATTVAṬĪKĀ	c.1925	?  
1	PURUṢOTTAMATATTVA	c.1927	?  
1	HAUGTH.	c.1929	?  
1	Ind. St. St.	c.1932	?  
1	TĀLAKHAṆḌA	c.1933	?  
1	MAHEŚVARATĪRTHAE	c.1934	?  
1	SMṚTITATTVA	c.1935	?  
1	SMṚTITANTRA	c.1935a	?  
1	JYOTIST	c.1936	?  
1	VĀṆAYUDDHA	c.1937	?  
1	SCHMIDT, Tib. Wört.	c.1938	?  
1	VIDAGDHAMĀDHAVA	c.1940	?  
1	VṚTTARATNĀVALĪ.	c.1941	?  
1	VṚDDHĀDITYASAṂHITĀ	c.1942	?  
1	KĀTANTRAVṚ.	c.1943	?  
1	VETĀLAPAÑCAV.	c.1944	?  
1	GAṆARATNAMAH.	c.1945	?  
1	ARRIAN Ind.	c.1946	? 
1	ARUṆA	c.1947	? 
1	BHAGĪRATHA	c.1948	? 
1	MAHĀVAṂSA	c.1951	? 
1	RATNĀVALĪ	c.1953	? 
1	VENDIDĀD	c.1954	? 
1	F. E. HALL	c.1955	? 
1	MAX MÜLLER'S Grammatik	c.1956	? 
1	BRĀHMAṆAKULĀCĀRYAKĀRIKĀ	c.1957	? 
1	RABHASAKOŚA	c.1958	? 
1	VIṢṆUSIDDHĀNTASĀRĀVALĪ	c.1960	? 
1	KALPAS.	c.1962	?  
1	NAIGEYAŚĀKHĀ	c.1963	?  
1	CAURAPAÑCĀŚIKĀ	c.1965	?  
1	SCHLEGEL'S	c.1966	?  
1	DURGAS.	c.1968	?  
1	HEMACANDRA'S	c.1971	?  
1	ĀRAṆYAGĀNA	c.1974	?  
1	ĀRAṆYASAṂH.	c.1975	?  
1	M. MÜLLER'S	c.1977a	?  
1	DEVARĀJA'S	c.1980	?  
1	TROYER'S	c.1981	?  
1	AGASTYASAṂH	c.1982	?  
1	AUFRECHT'S	c.1983	?  
1	ALBYROUNY'S	c.1984	?  
1	BALLANTYNE'S	c.1985	?  
1	MĀDHAVA'S	c.1987	?  
1	BHARATA'S	c.1988	?  
1	UTKALAKALIKĀ	c.1990	?  
1	CANDRAŚEKHARA-VĀCASPATI'S CANDANADHENUVIDHI	c.1991	?  
1	DHENUKĀSURAV.	c.1994	?  
1	DHARA.	c.1995	?  
1	KĀVYASAṂGRAHA	c.1996	?  
1	BHAGRAHAYUTY.	c.1997	?  
1	BHĀGRAHAYUTYADHY.	c.1998	?  
1	GUPTASĀDHANATATTVA	c.2000	?  
1	ŚABDAMUKTĀM.	c.2001	?  
1	LASSEN, Institt. ling. pr.	c.2002a	?  
1	LASSEN, Institutiones linguae pr.	c.2002e	?  
1	LASSEN, Institutt.	c.2002f	?  
1	LAKṢMĪCARITRA	c.2003	?  
1	ĀŚVAM.	c.2005	?  
1	DRIRŪPAK.	c.2010	?  
1	BṚHANNĀRAD.	c.2012	?  
1	YOGASĀRA	c.2015	?  
1	VĀCASPATIMIŚRA	c.2019	?  
1	ĀŚRAMOP.	c.2020	?  
1	JAIMINI'S BHĀRATA	c.2021	?  
1	A Gloss. of jud. and rev. terms	c.2023	? 
1	As. J. new	c.2024	? 
1	Journ. As. 1845.	c.2028	? 
1	Monatsb. d. B. Akad.	c.2029	? 
1	Monatsber. 1859	c.2032	? 
1	Mém. VI sér. I	c.2034	? 
1	SPEIJER	c.2035	? 
1	TRÜBNER'S Record	c.2036	? 
1	VIDYĀRAṆYAMUNI	c.2040	?  
1	ŚRĪPATISAṂHITĀ	c.2041	?  
1	DHĀTUVṚTTI	c.2042	?  
1	RĀJARĀJEŚVARĪTANTRA	c.2043	?  
1	MĀDHAVĪ	c.2044	?  
1	VYAVAHĀRATATTVA	c.2045	?  
1	KĀLAKAUMUDĪ	c.2046	?  
1	BHAṬAPRAKĀŚIKĀ	c.2047	?  
1	JĀTARATNA	c.2048	?  
1	CANDRAGOMIN	c.2049	?  
1	CANDRAKĪRTI	c.2049a	?  
1	CANDRĀLOKA	c.2049b	?  
1	CHANDORṆAVA	c.2050	?  
1	ṢAṬCAKRAPRAKĀŚA	c.2051	?  
1	MANTRA	c.2054	?  
1	BĀṢKALOP.	c.2055	?  
1	ŚIVASŪTRĀṆI	c.2056	?  
1	DURGAṬĪKĀṬIPPANI	c.2057	?  
1	SAṂVATSARAKAUMUDĪ	c.2058	?  
1	DATTAKAMĪM.	c.2059	?  
1	TATTVABODHANĪ	c.2060	?  
1	SĀRASAṂGRAHA	c.2061	?  
1	JĀṬĀDH.	c.2062	?  
1	JAINA'S	c.2063	?  
1	ŚĀKTĀNANDATARAṂGIṆĪ	c.2064	?  
1	VEDA	c.2066	?  
1	YĀMITRAVEDHA	c.2067	?  
1	KĀMRAN.	c.2068	?  
1	VĪJAGAṆITA	c.2069	?  
1	KRAMACANDRIKĀ	c.2071	?  
1	PRAKĪRṆĀKHY	c.2074	? 
1	STENZLER, de Lexicogr. sanscr. principils	c.2076	? 
1	ŚRUT. BR.	c.2078a	? 
1	WILSON, a Gloss. of jud. and rev. terms	c.2079	? 
1	DEVĪNIRUKTĀDHY.	c.2080	?  
1	MAREŚVARA	c.2081	?  
1	ṢERRING, Sacred city	c.2082	?  
1	LASSEN, De Pent.	c.2083	?  
1	GOT. DH.	c.2085	?  
1	PRĀYAŚCITTAVIV.	c.2086	?  
1	AŚNA	c.2087	?  
1	SVARGAKHAṆḌA	c.2088	?  
1	ŚṚṄGĀR.	c.2089	?  
1	YOGATATTVA	c.2093	?  
1	ĀHNIKATATTVA	c.2094	?  
1	Y. MUIR, Y. A. S.	c.2095	?  
1	BṚHANNĪLATANTRA	c.2096	?  
1	AŚVAGR.	c.2098	? 
1	NṚS. UP.	c.2099	? 
1	Z. d. m. G. G.	c.2100	? 
1	GOLABANDH.	c.2101	? 
1	DURGĀNĀMASAHASRASTOTRA	c.2103	? 
1	WILS. Lex. 1ste Ausg. Pref. XXIV.	c.2104	? 
1	TATTVAK.	c.2106	? 
1	R. (ed. ŚRĪR.)	c.2107a	RĀMĀYAṆA Śrīr. (?) edition
1	VĀTSY. K.	c.2108	?  
1	HEMĀDRĪYAVRATAKHAṆḌA	c.2110	? 
1	KṚTYATATTVĀRṆAVA	c.2112	? 
1	MADANARATNA	c.2113	? 
1	Буслаева	c.2114	Ѳ. Буслаевъ. Опытъ исторической граммати
1	Минаевъ	c.2115	И. Минаевъ. Пратимокша-сутра, буддійскій
1	Jahresb. d. d. m. G.	c.2118	? 
1	VIJÑĀNEŚVARA	c.2121	? 
1	Abh. d. Königl. Ak. d. W. zu Berlin,		? 
1	BÖHTLINGK, Ueber die Sprache der Jakuten	c.2125	BÖHTLINGK, Ueber die Sprache der Jakuten
1	VIKR. (LENZ)	c.2126	? 
1	SV. Padap.	c.2127	SĀMAVEDA padapĀṭha ? 
1	IL.	c.2128	? 
1	BERLIC, Gramm. der illir. Sprache	c.2131	Grammatik Der Illirischen Sprache by I.A
1	LACEPÉDE	c.2132	? Bernard Germain de Lacépède, contribut
1	SCHLEICHER, Lit. Gr.	c.2133	? Lithuanian Grammar, byAugust Schleiche
1	LANGLOIS t. I.	c.2134	Chefs-d'oeuvre du théatre indien, 1828 F
1	ŚĀK. (ed. WILL.)	c.2135	Śākuntala, translated by Monier-Williams
1	ŚĀK. (ed. MON. WILL.)	c.2135a	Śākuntala, translated by Monier-Williams
1	KĀŚĪN.	c.2136	? 
1	z. B. MED. j.	c.2137	? 
1	MĀLATĪM. (ed. LASS.)	c.2138	? 
1	ARIEL	c.2139	? 
1	KAVIRAU.	c.2140	? 
1	ĀYODA MBH.	c.2141	? 
1	CURTIUS, Griech. Etym.	c.2142	Grundzüge der griechischen etymologie (
1	DURGĀSTAVA	c.2144	? 
1	BRAHMASIDDH.	c.2145	? 
1	ALAṂK. K.	c.2146	? 
1	DURGĀCĀRYA	c.2147	? 
1	H. v. RHEEDE, Hortus Indicus Malabaricus		? 
1	VEDĀNTAS. (Ausg. von 1829)	c.2149	? 
1	ŚĀKALYASAṂHITĀPARIŚIṢṬA	c.2152	? 
1	YOGATATTVOP.	c.2153	? 
1	Journ. of the R. As. Soc.	c.2154	? 
1	Journ. of the R. A. S.	c.2154a	? 
1	KOPPEN	c.2155	? 
1	PACCAR.	c.2156	? 
1	AUṢ.	c.2157	? 
1	VIKRAMĀṄKADEVACARITA	c.2158	? 
1	Mém. de l'Acad. Imp. dés sc. de St.-Pétersb.	c.2160	? 
1	Halle'sche Allg. Lit. Zeit.	c.2161	? 
1	SARVOPAN.	c.2163	? 
1	SPIEGEL, Gramm. der Pārsisprache	c.2164	? 
1	VṚNDĀVANAŚ.	c.2165	? 
1	SPIEGEL, Liber de off. sacerd. buddh.		Liber De Offichs Sacerdotum Buddhicorum,
1	WIND. Die Philos. im Fortg. d. Weltg.	c.2167	? 
1	CARR, Sanskrit Proverbs	c.2168	? 
1	WEBER, Indische Skizzen	c.2169	? WEBER, Indische Skizzen 
1	STENZLER, De lexicogr. sanscr. principiis	c.2170	? 
1	HOEFER, Sanskrit-Lesebuch	c.2173	? 
1	GOLĀDHY. GRAHMAṆAV.	c.2175	? 
1	WEBER, Indische Streifen	c.2176	Indische streifen. Eine sammlung von bis
1	A Catal. of Skt Mss. in priv. libr. of the north-west prov.	c.2177	? 
1	A Catal. of Skt Mss. in priv. libr. of the north-west provinces	c.2177a	? 
1	KĀṬAV.	c.2178	? 
0	ṚV. ANUKRAMAṆIKĀ.	1.028b	ANUKRAMAṆIKĀ des ṚGVEDA ? [Cologne addit
0	BENFEY, Chr.	1.033a	BENFEY Chrestomathie aus Sanskritwerken.
0	BENF. Vollst. Gr.	1.034a	BENFEY, Vollständige Grammatik der Sansk
0	BHARTṚ Suppl..	1.039a	? 
0	BURN. Lot. de la b. l.	1.057	Le Lotus de la bonne loi, traduit du San
0	ŚAṂKAR.	1.065a	ŚAṂKARA (ein Scholiast des ŚĀKUNTALA) un
0	ŚAUN. CAT.	1.075	ŚAUNAKA'S CATURĀDHYĀYIKĀ, citirt nach Ad
0	T. COLEBR. Misc. Ess.	1.081d	COLEBROOKE'S Miscellaneous Essays. 2 Bän
0	Hindu Th. (WILSON)	1.125	Select specimens of the Theatre of the H
0	Ind. des KANDYUR	1.133	? 
0	WEBER, Ind. St.	1.135a	WEBER'S Indische Studien. 
0	Institutt. (LASSEN)	1.136	Institutiones linguae pracriticae. Scrip
0	Lebensb.	1.184	Eine tibetische Lebensbeschreibung Śākya
0	Leb.	1.184a	Eine tibetische Lebensbeschreibung Śākya
0	LIA.	1.186	LASSEN'S Indische Alterthumskunde.
0	Lit. (WEBER,)	1.188	Akademische Vorlesungen über Indische Li
0	MĀDHY. Rec.	1.193	MĀDHYAM̃DINA-Recension.
0	MĀṆḌ. UP. Kār.	1.205	GAUḌAPĀDA'S Kārikā zur MĀṆḌ. UP. in der 
0	Mat. ind. (AINSLIE)	1.207	Materia indica; or some account of those
0	MĀTSYA-P. iast=	1.208a	MĀTSYAPURĀṆA MATSYAPURĀṆA.
0	Mém. sur l'Inde (REINAUD)	1.214	Mémoire géographique, historique et scie
0	Padap.	1.231	Padapāṭha.
0	Pent. (LASSEN)	1.238	CHRISTIANI LASSENII commentatio geograph
0	RAGH. (ed. Calc)	1.252	RAGHUVAṂŚA, ed. Calc. (GILD. Bibl. 135).
0	ROXB. Fl. ind.	1.261	Flora indica or Description of Indian pl
0	SADDH. P. 4.	1.266	SADDHARMAPUṆḌARĪKA, Kap. 4 in: Parabole 
0	WILSON'S SĀṂKHYAK.	1.270b	SĀṂKHYAKĀRIKĀ, ed. WILSON (GILD. Bibl. 2
0	WILS. SĀṂKHYAK.	1.270c	SĀṂKHYAKĀRIKĀ, ed. WILSON (GILD. Bibl. 2
0	SIDDHĀNTAM.	1.278	SIDDHĀNTAMUKTĀVALĪ, nach Anführungen im 
0	d. d. m. G.	1.334a	Zeitschrift der Deutschen morgenländisch
0	Z. f. vgl. Spr.	1.337	Zeitschrift für vergleichende Sprachfors
0	Z. f. vergl. Spr.	1.337a	Zeitschrift für vergleichende Sprachfors
0	Zur Geschichte u. s. w. (LASSEN,)	1.338	Zur Geschichte der Griechischen und Indo
0	Zur L. u. G. d. w. (ROTH)	1.339	Zur Literatur und Geschichte des Weda. D
0	ROTH, Zur L. u. G. d. W.	1.339b	Zur Literatur und Geschichte des Weda. D
0	ROTH, Zur L. und G. d. Veda	1.339j	Zur Literatur und Geschichte des Weda. D
0	Berichte d. k. s. Ges. d. Ww.	2.003	Berichte der königlich-sächsischen Gesel
0	NĀRĀYAṆACAKR.	2.032	NĀRĀYAṆACAKRAVARTIN, ein Schol. des AK.;
0	UP. und UPAK.	2.047	UPAKOŚĀ (Geschichte der; s. GILD. Bibl. 
0	Verh. d. k. s. G. d. Ww.	2.051	Verhandlungen der königlich-sächsischen 
0	Verh. d. k. s. Ges. d. W.	2.015a	Verhandlungen der königlich-sächsischen 
0	GOLD. in der Einl. zu MĀN.	3.003a	? {3.003} 
0	KĀPĪŚĀV.	3.006	KĀPĪŚĀVADĀNA, handschriftlich in der Par
0	PĀŚAKAK.	3.011	PĀŚAKAKEVALĪ in «Monatsberichte der Kön.
0	SADDH. P. (mit nachfolgender einfacher Zahl)	3.013	SADDHARMAPUṆḌARĪKA, handschriftlich in d
0	UTTAR. ed. Cow.	c.004a	? 
0	Verz. der. Oxf. H.	c.006a	Verz. der. Oxf. H.= AUFRECHT, Verzeichni
0	SIDDH.K.	c.010x	(same as 1.279 SIDDH. K.) 
0	As. Soc. of B.	c.022	? 
0	As. Soc. of Beng.	c.022a	? 
0	ALBY.	c.206a	?  
0	RĀGAN.	c.245	?  
0	M. MÜLLER, SL.	c.363a	? 
0	Verz. d. T. Hdschr.	c.372b	? 
0	Tüb. H.	c.372e	? 
0	d. Tüb. H.	c.372f	? 
0	G. WEBER,	c.397	? 
0	GRIMM, Gesch. der deutschen Sprache.	c.401b	Geschichte der deutschen Sprache by Jaco
0	No.	c.407	(A different Number of previous referenc
0	SAH. D.	c.422	? 
0	SCH.	c.424	? 
0	SCHIEFN.	c.425	? 
0	SPIEGEL	c.429	? 
0	CATHĀS.	c.515	?  
0	MB2H.	c.722	?  
0	Fl. ind. ed. CAREY.	c.762	? 
0	KANDYUR	1.133b	?  
0	VĀTSY.	c.1086a	?  
0	DHAMAṂJAYA	c.1294	?  
0	MEDH.	c.1349	? 
0	MET.	c.1350	? 
0	BOLLENSEN, Or. und Occ.	c.1359	? 
0	Berichte über die Verh. d. k. s. Ges. d. W. zu Leipzig, phil.hist.	c.1366	? 
0	PRĀTIŚĀKHYA	c.1402	?  
0	STOTRA	c.1419	?  
0	MONTGOMERY MARTIN	c.1504	? 
0	ŚĀBDAR.	c.1523	?  
0	ĀRYAVIDYĀSUDHĀKARA	c.1525	?  
0	BHĀK. NĀṬYAŚ.	c.1532	?  
0	NAKṢ.	c.1580	?  
0	YĀSKA NIR.	c.1627	?  
0	SAṂSĀRĀV.SARVĀNUKRAMA	c.1629	?  
0	VYĀKARAṆA	c.1682	? 
0	JANMAKH.	c.1693	? 
0	BHUVANAK.	c.1700	BHUVANAKOŚA ? 
0	ŚEKHARA-VĀCASPATI'S CANDANADHENUVIDHI	c.1701	? 
0	KĀṬH. AŚVGR.	c.1709a	? 
0	KṚṢNAJ.	c.1716	?  
0	YĀMALOTTARAKH.	c.1741	?  
0	GRAHMAṆAV.	c.1745	?  
0	GRAHAṆĀDHY.	c.1753	?  
0	DARŚANA	c.1765	?  
0	KĪRTI	c.1776	?  
0	APAG. AV.	c.1800	? 
0	BURGAD.	c.1802	? 
0	BÖHTL. Ausg. des P.	c.1807	? 
0	WILS. Lex.	c.1829a	?  
0	MÜLLER, Lect.	c.1871	?  
0	ROTH, YĀSKA'S NIR. L.	c.1876	?  
0	KOŚA	c.1877	?  
0	ŚUK. Pet. Hdschr.	c.1891	?  
0	KÖPPEN. Rel. des. Buddha	c.1903a	?  
0	SAṂKṢIPTAS. ŚKDR.	c.1908	?  
0	SĀRATANTRA	c.1916	?  
0	SIDDHĀNTASĀRĀVALĪ	c.1920	?  
0	WILSON, Sel. spec. of the Theatre of the Hindus	1.125d	?  
0	PŪRVĀRCIKA	c.1952	? 
0	SUPADMAVYĀKARAṆA	c.432a	?  
0	ĀRAṆYAKA, KENOP.	c.1978	?  
0	AINSLIE, Mat. ind.	c.2013	?  
0	WILSON, Hindu Th.	1.125a	?  
0	ŚRĪR.	c.2107	? 
0	Антарабида	c.2116	? 
0	KĀṆVa-Rec.	c.2124	? 
0	R. (<ls>ed. ŚRIR.)	c.2129	 ? 
0	X	c.2179	? 
