dict,level,records,distinct_keys,colliding_records,collision_rate,mean_cluster
abch,exact,0,0,0,,0.0
abch,clean,0,0,0,,0.0
abch,repair,0,0,0,,0.0
abch,form_key,0,0,0,,0.0
abch,norm,0,0,0,,0.0
acc,exact,49833,32584,0,0.0,1.0
acc,clean,49833,32584,0,0.0,1.0
acc,repair,49833,32584,0,0.0,1.0
acc,form_key,49833,32554,60,0.001204,1.0009
acc,norm,49833,32316,536,0.010756,1.0083
acph,exact,0,0,0,,0.0
acph,clean,0,0,0,,0.0
acph,repair,0,0,0,,0.0
acph,form_key,0,0,0,,0.0
acph,norm,0,0,0,,0.0
acsj,exact,0,0,0,,0.0
acsj,clean,0,0,0,,0.0
acsj,repair,0,0,0,,0.0
acsj,form_key,0,0,0,,0.0
acsj,norm,0,0,0,,0.0
ae,exact,11359,11343,0,0.0,1.0
ae,clean,11359,11343,0,0.0,1.0
ae,repair,11359,11343,0,0.0,1.0
ae,form_key,11359,11343,0,0.0,1.0
ae,norm,11359,11210,261,0.022977,1.0119
ap,exact,90843,88869,0,0.0,1.0
ap,clean,90843,88869,0,0.0,1.0
ap,repair,90843,88869,0,0.0,1.0
ap,form_key,90843,84873,7972,0.087756,1.0471
ap,norm,90843,82914,11097,0.122156,1.0718
ap90,exact,34882,34277,0,0.0,1.0
ap90,clean,34882,34277,0,0.0,1.0
ap90,repair,34882,34277,0,0.0,1.0
ap90,form_key,34882,33973,604,0.017316,1.0089
ap90,norm,34882,31355,5438,0.155897,1.0932
armh,exact,7907,6673,0,0.0,1.0
armh,clean,7907,6673,0,0.0,1.0
armh,repair,7907,6673,0,0.0,1.0
armh,form_key,7907,6670,6,0.000759,1.0004
armh,norm,7907,6375,567,0.071709,1.0467
ben,exact,17310,17035,0,0.0,1.0
ben,clean,17310,17035,0,0.0,1.0
ben,repair,17310,17035,0,0.0,1.0
ben,form_key,17310,17010,50,0.002889,1.0015
ben,norm,17310,15732,2442,0.141075,1.0828
bhs,exact,17839,17777,0,0.0,1.0
bhs,clean,17839,17777,0,0.0,1.0
bhs,repair,17839,17777,0,0.0,1.0
bhs,form_key,17839,17749,56,0.003139,1.0016
bhs,norm,17839,16772,1911,0.107125,1.0599
bop,exact,8961,8505,0,0.0,1.0
bop,clean,8961,8505,0,0.0,1.0
bop,repair,8961,8505,0,0.0,1.0
bop,form_key,8961,8485,40,0.004464,1.0024
bop,norm,8961,7821,1268,0.141502,1.0875
bor,exact,24609,22013,0,0.0,1.0
bor,clean,24609,22006,14,0.000569,1.0003
bor,repair,24609,22006,14,0.000569,1.0003
bor,form_key,24609,22006,14,0.000569,1.0003
bor,norm,24609,21856,309,0.012556,1.0072
bur,exact,19776,19146,0,0.0,1.0
bur,clean,19776,19146,0,0.0,1.0
bur,repair,19776,19146,0,0.0,1.0
bur,form_key,19776,19106,78,0.003944,1.0021
bur,norm,19776,17440,3137,0.158627,1.0978
cae,exact,40069,38484,0,0.0,1.0
cae,clean,40069,38484,0,0.0,1.0
cae,repair,40069,38484,0,0.0,1.0
cae,form_key,40069,38442,84,0.002096,1.0011
cae,norm,40069,36286,4133,0.103147,1.0606
ccs,exact,30010,28751,0,0.0,1.0
ccs,clean,30010,28751,0,0.0,1.0
ccs,repair,30010,28751,0,0.0,1.0
ccs,form_key,30010,28726,50,0.001666,1.0009
ccs,norm,30010,27155,2989,0.0996,1.0588
fri,exact,8155,7775,0,0.0,1.0
fri,clean,8155,7775,0,0.0,1.0
fri,repair,8155,7775,0,0.0,1.0
fri,form_key,8155,7715,120,0.014715,1.0078
fri,norm,8155,7403,712,0.087308,1.0502
gra,exact,12785,11108,0,0.0,1.0
gra,clean,12785,11108,0,0.0,1.0
gra,repair,12785,11108,0,0.0,1.0
gra,form_key,12785,11105,6,0.000469,1.0003
gra,norm,12785,10538,1074,0.084005,1.0541
gst,exact,6780,6761,0,0.0,1.0
gst,clean,6780,6761,0,0.0,1.0
gst,repair,6780,6761,0,0.0,1.0
gst,form_key,6780,6751,20,0.00295,1.0015
gst,norm,6780,6503,504,0.074336,1.0397
ieg,exact,7932,7568,0,0.0,1.0
ieg,clean,7932,7568,0,0.0,1.0
ieg,repair,7932,7568,0,0.0,1.0
ieg,form_key,7932,7555,26,0.003278,1.0017
ieg,norm,7932,7334,450,0.056732,1.0319
inm,exact,12647,9454,0,0.0,1.0
inm,clean,12647,9454,0,0.0,1.0
inm,repair,12647,9454,0,0.0,1.0
inm,form_key,12647,9436,36,0.002847,1.0019
inm,norm,12647,9002,878,0.069424,1.0502
krm,exact,2061,1698,0,0.0,1.0
krm,clean,2061,1698,0,0.0,1.0
krm,repair,2061,1698,0,0.0,1.0
krm,form_key,2061,1684,28,0.013586,1.0083
krm,norm,2061,1512,345,0.167394,1.123
lan,exact,4944,4726,0,0.0,1.0
lan,clean,4944,4726,0,0.0,1.0
lan,repair,4944,4726,0,0.0,1.0
lan,form_key,4944,4725,2,0.000405,1.0002
lan,norm,4944,4491,452,0.091424,1.0523
lrv,exact,53441,48259,0,0.0,1.0
lrv,clean,53441,48259,0,0.0,1.0
lrv,repair,53441,48259,0,0.0,1.0
lrv,form_key,53441,48168,182,0.003406,1.0019
lrv,norm,53441,40905,13661,0.255628,1.1798
mci,exact,2643,2325,0,0.0,1.0
mci,clean,2643,2325,0,0.0,1.0
mci,repair,2643,2325,0,0.0,1.0
mci,form_key,2643,2324,2,0.000757,1.0004
mci,norm,2643,2246,154,0.058267,1.0352
md,exact,20749,20103,0,0.0,1.0
md,clean,20749,20102,2,9.6e-05,1.0
md,repair,20749,20102,2,9.6e-05,1.0
md,form_key,20749,20076,53,0.002554,1.0013
md,norm,20749,18569,2824,0.136103,1.0826
mw,exact,286525,194082,0,0.0,1.0
mw,clean,286525,194082,0,0.0,1.0
mw,repair,286525,194082,0,0.0,1.0
mw,form_key,286525,193718,720,0.002513,1.0019
mw,norm,286525,178441,28206,0.098442,1.0877
mw72,exact,55390,51159,0,0.0,1.0
mw72,clean,55390,51159,0,0.0,1.0
mw72,repair,55390,51159,0,0.0,1.0
mw72,form_key,55390,51052,212,0.003827,1.0021
mw72,norm,55390,45718,9881,0.17839,1.119
mwe,exact,32378,28238,0,0.0,1.0
mwe,clean,32378,28231,14,0.000432,1.0002
mwe,repair,32378,28231,14,0.000432,1.0002
mwe,form_key,32378,28231,14,0.000432,1.0002
mwe,norm,32378,28047,377,0.011644,1.0068
nmmb,exact,0,0,0,,0.0
nmmb,clean,0,0,0,,0.0
nmmb,repair,0,0,0,,0.0
nmmb,form_key,0,0,0,,0.0
nmmb,norm,0,0,0,,0.0
pe,exact,8799,6623,0,0.0,1.0
pe,clean,8799,6623,0,0.0,1.0
pe,repair,8799,6623,0,0.0,1.0
pe,form_key,8799,6622,2,0.000227,1.0002
pe,norm,8799,6325,575,0.065348,1.0471
pgn,exact,485,470,0,0.0,1.0
pgn,clean,485,470,0,0.0,1.0
pgn,repair,485,470,0,0.0,1.0
pgn,form_key,485,470,0,0.0,1.0
pgn,norm,485,469,2,0.004124,1.0021
pui,exact,17512,11730,0,0.0,1.0
pui,clean,17512,11730,0,0.0,1.0
pui,repair,17512,11730,0,0.0,1.0
pui,form_key,17512,11709,42,0.002398,1.0018
pui,norm,17512,10891,1594,0.091023,1.077
pw,exact,170556,151347,0,0.0,1.0
pw,clean,170556,151344,6,3.5e-05,1.0
pw,repair,170556,151344,6,3.5e-05,1.0
pw,form_key,170556,151078,536,0.003143,1.0018
pw,norm,170556,140868,19247,0.112849,1.0744
pwg,exact,123366,106082,0,0.0,1.0
pwg,clean,123366,106079,6,4.9e-05,1.0
pwg,repair,123366,106079,6,4.9e-05,1.0
pwg,form_key,123366,105916,330,0.002675,1.0016
pwg,norm,123366,98318,14242,0.115445,1.079
pwkvn,exact,24976,14995,0,0.0,1.0
pwkvn,clean,24976,14995,0,0.0,1.0
pwkvn,repair,24976,14995,0,0.0,1.0
pwkvn,form_key,24976,14982,26,0.001041,1.0009
pwkvn,norm,24976,14682,615,0.024624,1.0213
sch,exact,29125,28455,0,0.0,1.0
sch,clean,29125,28455,0,0.0,1.0
sch,repair,29125,28455,0,0.0,1.0
sch,form_key,29125,28442,26,0.000893,1.0005
sch,norm,29125,27556,1710,0.058712,1.0326
shs,exact,47326,46733,0,0.0,1.0
shs,clean,47326,46733,0,0.0,1.0
shs,repair,47326,46733,0,0.0,1.0
shs,form_key,47326,46662,139,0.002937,1.0015
shs,norm,47326,43584,5778,0.122089,1.0723
skd,exact,42531,40817,0,0.0,1.0
skd,clean,42531,40814,6,0.000141,1.0001
skd,repair,42531,40814,6,0.000141,1.0001
skd,form_key,42531,40157,1294,0.030425,1.0164
skd,norm,42531,37922,5325,0.125203,1.0763
snp,exact,453,448,0,0.0,1.0
snp,clean,453,448,0,0.0,1.0
snp,repair,453,448,0,0.0,1.0
snp,form_key,453,448,0,0.0,1.0
snp,norm,453,440,16,0.03532,1.0182
stc,exact,24574,23986,0,0.0,1.0
stc,clean,24574,23986,0,0.0,1.0
stc,repair,24574,23986,0,0.0,1.0
stc,form_key,24574,23953,66,0.002686,1.0014
stc,norm,24574,22398,2966,0.120697,1.0709
vcp,exact,50135,48636,0,0.0,1.0
vcp,clean,50135,48636,0,0.0,1.0
vcp,repair,50135,48636,0,0.0,1.0
vcp,form_key,50135,48519,231,0.004608,1.0024
vcp,norm,50135,44644,7283,0.145268,1.0894
vei,exact,3834,3704,0,0.0,1.0
vei,clean,3834,3704,0,0.0,1.0
vei,repair,3834,3704,0,0.0,1.0
vei,form_key,3834,3702,4,0.001043,1.0005
vei,norm,3834,3588,228,0.059468,1.0323
wil,exact,44577,43938,0,0.0,1.0
wil,clean,44577,43938,0,0.0,1.0
wil,repair,44577,43938,0,0.0,1.0
wil,form_key,44577,43870,133,0.002984,1.0016
wil,norm,44577,40922,5528,0.12401,1.0737
yat,exact,45206,44720,0,0.0,1.0
yat,clean,45206,44720,0,0.0,1.0
yat,repair,45206,44720,0,0.0,1.0
yat,form_key,45206,44649,139,0.003075,1.0016
yat,norm,45206,41780,5438,0.120294,1.0704
