repo,archived,default_branch,license_class,license,has_description,has_readme,has_citation,has_issue_template,has_pr_template,workflow_count,has_workflows,has_dependabot,has_codeql,release_count,latest_release,metadata_score,metadata_flags,fetched_at,fetch_warning
AP,false,main,recognised,CC-BY-SA-4.0,yes,yes,yes,yes,yes,4,yes,yes,yes,0,,10,no-releases,2026-08-05T08:07:43+00:00,
AP90,false,main,recognised,GPL-3.0,yes,yes,yes,yes,yes,4,yes,yes,yes,0,,10,no-releases,2026-08-05T08:07:43+00:00,
GRA,false,main,recognised,CC-BY-SA-4.0,yes,yes,yes,yes,yes,4,yes,yes,yes,unknown,unknown,10,releases-unknown,2026-08-05T08:07:43+00:00,"releases: Get ""https://api.github.com/repos/sanskrit-lexicon/GRA/releases?per_page=100&page=1"": unexpected EOF"
PWK,false,main,recognised,CC-BY-SA-4.0,yes,yes,yes,yes,yes,4,yes,yes,yes,unknown,unknown,10,releases-unknown,2026-08-05T08:07:43+00:00,"releases: Get ""https://api.github.com/repos/sanskrit-lexicon/PWK/releases?per_page=100&page=1"": net/http: TLS handshake timeout"
csl-pywork,false,main,recognised,GPL-3.0,yes,yes,yes,yes,yes,5,yes,yes,yes,3,v0.2.2,10,,2026-08-05T08:07:43+00:00,
ApteES,false,main,recognised,CC-BY-SA-4.0,yes,yes,yes,yes,yes,2,yes,yes,no,unknown,unknown,9,missing-codeql|releases-unknown,2026-08-05T08:07:43+00:00,"releases: Get ""https://api.github.com/repos/sanskrit-lexicon/ApteES/releases?per_page=100&page=1"": net/http: TLS handshake timeout"
BEN,false,main,recognised,CC-BY-SA-4.0,yes,yes,yes,yes,yes,1,yes,yes,no,0,,9,missing-codeql|no-releases,2026-08-05T08:07:43+00:00,
BHS,false,main,recognised,CC-BY-SA-4.0,yes,yes,yes,yes,yes,1,yes,yes,no,0,,9,missing-codeql|no-releases,2026-08-05T08:07:43+00:00,
BOP,false,main,recognised,CC-BY-SA-4.0,yes,yes,yes,yes,yes,2,yes,yes,no,0,,9,missing-codeql|no-releases,2026-08-05T08:07:43+00:00,
BOR,false,main,recognised,CC-BY-SA-4.0,yes,yes,yes,yes,yes,1,yes,yes,no,0,,9,missing-codeql|no-releases,2026-08-05T08:07:43+00:00,
BUR,false,main,recognised,CC-BY-SA-4.0,yes,yes,yes,yes,yes,1,yes,yes,no,0,,9,missing-codeql|no-releases,2026-08-05T08:07:43+00:00,
CAE,false,main,recognised,CC-BY-SA-4.0,yes,yes,yes,yes,yes,1,yes,yes,no,0,,9,missing-codeql|no-releases,2026-08-05T08:07:43+00:00,
CCS,false,main,recognised,CC-BY-SA-4.0,yes,yes,yes,yes,yes,1,yes,yes,no,0,,9,missing-codeql|no-releases,2026-08-05T08:07:43+00:00,
DCS,false,main,recognised,CC-BY-SA-4.0,yes,yes,yes,yes,yes,2,yes,yes,no,0,,9,missing-codeql|no-releases,2026-08-05T08:07:43+00:00,
FRI,false,main,recognised,CC-BY-SA-4.0,yes,yes,yes,yes,yes,2,yes,yes,no,unknown,unknown,9,missing-codeql|releases-unknown,2026-08-05T08:07:43+00:00,"releases: Get ""https://api.github.com/repos/sanskrit-lexicon/FRI/releases?per_page=100&page=1"": net/http: TLS handshake timeout"
INM,false,main,recognised,CC-BY-SA-4.0,yes,yes,yes,yes,yes,1,yes,yes,no,0,,9,missing-codeql|no-releases,2026-08-05T08:07:43+00:00,
KRM,false,main,recognised,CC-BY-SA-4.0,yes,yes,yes,yes,yes,1,yes,yes,no,0,,9,missing-codeql|no-releases,2026-08-05T08:07:43+00:00,
LRV,false,main,recognised,CC-BY-SA-4.0,yes,yes,yes,yes,yes,1,yes,yes,no,unknown,unknown,9,missing-codeql|releases-unknown,2026-08-05T08:07:43+00:00,"releases: Get ""https://api.github.com/repos/sanskrit-lexicon/LRV/releases?per_page=100&page=1"": unexpected EOF"
MCI,false,main,recognised,CC-BY-SA-4.0,yes,yes,yes,yes,yes,1,yes,yes,no,0,,9,missing-codeql|no-releases,2026-08-05T08:07:43+00:00,
MD,false,main,recognised,CC-BY-SA-4.0,yes,yes,yes,yes,yes,2,yes,yes,no,0,,9,missing-codeql|no-releases,2026-08-05T08:07:43+00:00,
MW72,false,main,recognised,CC-BY-SA-4.0,yes,yes,yes,yes,yes,1,yes,yes,no,unknown,unknown,9,missing-codeql|releases-unknown,2026-08-05T08:07:43+00:00,"releases: Get ""https://api.github.com/repos/sanskrit-lexicon/MW72/releases?per_page=100&page=1"": net/http: TLS handshake timeout"
MWS,false,master,recognised,CC-BY-SA-4.0,yes,yes,yes,yes,yes,5,yes,yes,yes,8,v1.0.8,9,legacy-branch,2026-08-05T08:07:43+00:00,
PWG,false,main,recognised,CC-BY-SA-4.0,yes,yes,yes,yes,yes,2,yes,yes,no,0,,9,missing-codeql|no-releases,2026-08-05T08:07:43+00:00,
SCH,false,main,recognised,CC-BY-SA-4.0,yes,yes,yes,yes,yes,2,yes,yes,no,0,,9,missing-codeql|no-releases,2026-08-05T08:07:43+00:00,
SHS,false,main,recognised,CC-BY-SA-4.0,yes,yes,yes,yes,yes,1,yes,yes,no,0,,9,missing-codeql|no-releases,2026-08-05T08:07:43+00:00,
SKD,false,main,recognised,CC-BY-SA-4.0,yes,yes,yes,yes,yes,1,yes,yes,no,0,,9,missing-codeql|no-releases,2026-08-05T08:07:43+00:00,
STC,false,main,recognised,CC-BY-SA-4.0,yes,yes,yes,yes,yes,1,yes,yes,no,0,,9,missing-codeql|no-releases,2026-08-05T08:07:43+00:00,
VCP,false,main,recognised,CC-BY-SA-4.0,yes,yes,yes,yes,yes,2,yes,yes,no,0,,9,missing-codeql|no-releases,2026-08-05T08:07:43+00:00,
VEI,false,main,recognised,CC-BY-SA-4.0,yes,yes,yes,yes,yes,1,yes,yes,no,0,,9,missing-codeql|no-releases,2026-08-05T08:07:43+00:00,
WIL,false,main,recognised,CC-BY-SA-4.0,yes,yes,yes,yes,yes,1,yes,yes,no,0,,9,missing-codeql|no-releases,2026-08-05T08:07:43+00:00,
csl-corrections,false,main,recognised,GPL-3.0,yes,yes,yes,yes,yes,3,yes,yes,no,0,,9,missing-codeql|no-releases,2026-08-05T08:07:43+00:00,
csl-observatory,false,main,recognised,GPL-3.0,yes,yes,yes,yes,yes,8,yes,yes,no,17,v1.9.0,9,missing-codeql,2026-08-05T08:07:43+00:00,
csl-orig,false,main,recognised,CC-BY-SA-4.0,yes,yes,yes,yes,yes,5,yes,yes,no,0,,9,missing-codeql|no-releases,2026-08-05T08:07:43+00:00,
AMAR,false,main,recognised,GPL-2.0,yes,yes,yes,no,yes,2,yes,yes,no,0,,8,missing-issue-template|missing-codeql|no-releases,2026-08-05T08:07:43+00:00,
KOW,false,main,recognised,CC-BY-SA-4.0,yes,yes,yes,no,yes,1,yes,yes,no,unknown,unknown,8,missing-issue-template|missing-codeql|releases-unknown,2026-08-05T08:07:43+00:00,"releases: Get ""https://api.github.com/repos/sanskrit-lexicon/KOW/releases?per_page=100&page=1"": net/http: TLS handshake timeout"
PUI,false,main,recognised,CC-BY-SA-4.0,yes,yes,yes,no,yes,1,yes,yes,no,0,,8,missing-issue-template|missing-codeql|no-releases,2026-08-05T08:07:43+00:00,
csl-apidev,false,main,recognised,GPL-3.0,yes,yes,yes,no,yes,5,yes,yes,no,4,v0.4.0,8,missing-issue-template|missing-codeql,2026-08-05T08:07:43+00:00,
csl-app,false,main,recognised,GPL-3.0,yes,yes,yes,no,yes,4,yes,yes,no,0,,8,missing-issue-template|missing-codeql|no-releases,2026-08-05T08:07:43+00:00,
ACC,false,main,recognised,CC-BY-SA-4.0,yes,yes,yes,no,no,1,yes,yes,no,0,,7,missing-issue-template|missing-pr-template|missing-codeql|no-releases,2026-08-05T08:07:43+00:00,
CORRECTIONS,false,main,recognised,CC-BY-SA-4.0,yes,yes,yes,no,no,1,yes,yes,no,unknown,unknown,7,missing-issue-template|missing-pr-template|missing-codeql|releases-unknown,2026-08-05T08:07:43+00:00,"releases: Get ""https://api.github.com/repos/sanskrit-lexicon/CORRECTIONS/releases?per_page=100&page=1"": net/http: TLS handshake timeout"
GreekInSanskrit,false,main,recognised,CC-BY-SA-4.0,yes,yes,yes,no,no,1,yes,yes,no,0,,7,missing-issue-template|missing-pr-template|missing-codeql|no-releases,2026-08-05T08:07:43+00:00,
KNA,false,main,recognised,CC-BY-SA-4.0,yes,yes,yes,no,no,2,yes,yes,no,0,,7,missing-issue-template|missing-pr-template|missing-codeql|no-releases,2026-08-05T08:07:43+00:00,
MWinflect,false,main,recognised,CC-BY-SA-4.0,yes,yes,yes,no,no,1,yes,yes,no,0,,7,missing-issue-template|missing-pr-template|missing-codeql|no-releases,2026-08-05T08:07:43+00:00,
Wil-YAT,false,main,recognised,CC-BY-SA-4.0,yes,yes,no,no,yes,1,yes,yes,no,0,,7,missing-citation|missing-issue-template|missing-codeql|no-releases,2026-08-05T08:07:43+00:00,
alternateheadwords,false,main,recognised,CC-BY-SA-4.0,yes,yes,yes,no,no,1,yes,yes,no,0,,7,missing-issue-template|missing-pr-template|missing-codeql|no-releases,2026-08-05T08:07:43+00:00,
avlinks,false,main,recognised,GPL-3.0,yes,yes,yes,no,no,1,yes,yes,no,0,,7,missing-issue-template|missing-pr-template|missing-codeql|no-releases,2026-08-05T08:07:43+00:00,
cologne-stardict,false,main,recognised,MIT,yes,yes,yes,no,no,1,yes,yes,no,0,,7,missing-issue-template|missing-pr-template|missing-codeql|no-releases,2026-08-05T08:07:43+00:00,
csl-devanagari,false,main,recognised,CC-BY-SA-4.0,yes,yes,yes,no,no,1,yes,yes,no,1,v0.1.1,7,missing-issue-template|missing-pr-template|missing-codeql,2026-08-05T08:07:43+00:00,
csl-doc,false,main,recognised,GPL-3.0,yes,yes,yes,no,no,3,yes,yes,no,0,,7,missing-issue-template|missing-pr-template|missing-codeql|no-releases,2026-08-05T08:07:43+00:00,
csl-homepage,false,main,recognised,CC-BY-SA-4.0,yes,yes,yes,no,no,1,yes,yes,no,0,,7,missing-issue-template|missing-pr-template|missing-codeql|no-releases,2026-08-05T08:07:43+00:00,
csl-kale,false,main,recognised,GPL-3.0,yes,yes,yes,no,no,1,yes,yes,no,0,,7,missing-issue-template|missing-pr-template|missing-codeql|no-releases,2026-08-05T08:07:43+00:00,
csl-ldev,false,main,recognised,CC-BY-SA-4.0,yes,yes,yes,no,no,1,yes,yes,no,0,,7,missing-issue-template|missing-pr-template|missing-codeql|no-releases,2026-08-05T08:07:43+00:00,
csl-lnum,false,main,recognised,CC-BY-SA-4.0,yes,yes,yes,no,no,1,yes,yes,no,0,,7,missing-issue-template|missing-pr-template|missing-codeql|no-releases,2026-08-05T08:07:43+00:00,
csl-lslink,false,main,recognised,CC-BY-SA-4.0,yes,yes,yes,no,no,1,yes,yes,no,0,,7,missing-issue-template|missing-pr-template|missing-codeql|no-releases,2026-08-05T08:07:43+00:00,
csl-newsletter,false,main,recognised,GPL-3.0,yes,yes,yes,no,no,1,yes,yes,no,0,,7,missing-issue-template|missing-pr-template|missing-codeql|no-releases,2026-08-05T08:07:43+00:00,
csl-westergaard,false,main,recognised,GPL-3.0,yes,yes,yes,no,no,1,yes,yes,no,0,,7,missing-issue-template|missing-pr-template|missing-codeql|no-releases,2026-08-05T08:07:43+00:00,
hwnorm1,false,main,recognised,GPL-3.0,yes,yes,yes,no,no,1,yes,yes,no,0,,7,missing-issue-template|missing-pr-template|missing-codeql|no-releases,2026-08-05T08:07:43+00:00,
mw-dev,false,main,recognised,CC-BY-SA-4.0,yes,yes,yes,no,no,2,yes,yes,no,0,,7,missing-issue-template|missing-pr-template|missing-codeql|no-releases,2026-08-05T08:07:43+00:00,
ArabicInSanskrit,false,main,recognised,CC-BY-SA-4.0,yes,yes,no,no,no,1,yes,yes,no,0,,6,missing-citation|missing-issue-template|missing-pr-template|missing-codeql|no-releases,2026-08-05T08:07:43+00:00,
cologne-hugo,false,main,recognised,GPL-3.0,yes,yes,no,no,no,1,yes,yes,no,0,,6,missing-citation|missing-issue-template|missing-pr-template|missing-codeql|no-releases,2026-08-05T08:07:43+00:00,
csl-inflect,false,main,recognised,LGPL-3.0,no,yes,yes,no,no,1,yes,yes,no,unknown,unknown,6,missing-description|missing-issue-template|missing-pr-template|missing-codeql|releases-unknown,2026-08-05T08:07:43+00:00,"releases: Get ""https://api.github.com/repos/sanskrit-lexicon/csl-inflect/releases?per_page=100&page=1"": net/http: TLS handshake timeout"
csl-json,false,main,recognised,CC-BY-SA-4.0,yes,yes,no,no,no,1,yes,yes,no,0,,6,missing-citation|missing-issue-template|missing-pr-template|missing-codeql|no-releases,2026-08-05T08:07:43+00:00,
csl-whitroot,false,main,recognised,GPL-3.0,yes,yes,no,no,no,1,yes,yes,no,0,,6,missing-citation|missing-issue-template|missing-pr-template|missing-codeql|no-releases,2026-08-05T08:07:43+00:00,
hwnorm2,false,main,recognised,GPL-3.0,no,yes,yes,no,no,1,yes,yes,no,0,,6,missing-description|missing-issue-template|missing-pr-template|missing-codeql|no-releases,2026-08-05T08:07:43+00:00,
rvlinks,false,gh-pages,recognised,GPL-3.0,yes,yes,yes,no,no,1,yes,yes,no,0,,6,branch:gh-pages|missing-issue-template|missing-pr-template|missing-codeql|no-releases,2026-08-05T08:07:43+00:00,
sanskrit-fonts,false,gh-pages,recognised,CC-BY-SA-4.0,yes,yes,no,no,no,1,yes,yes,no,0,,5,branch:gh-pages|missing-citation|missing-issue-template|missing-pr-template|missing-codeql|no-releases,2026-08-05T08:07:43+00:00,
sanskrit-lexicon.github.io,false,main,recognised,CC-BY-SA-4.0,no,yes,no,no,no,2,yes,yes,no,0,,5,missing-description|missing-citation|missing-issue-template|missing-pr-template|missing-codeql|no-releases,2026-08-05T08:07:43+00:00,
temp_corrections_acc,true,main,none,,yes,yes,no,no,no,1,yes,yes,no,unknown,unknown,5,no-license|missing-citation|missing-issue-template|missing-pr-template|missing-codeql|releases-unknown,2026-08-05T08:07:43+00:00,"releases: Get ""https://api.github.com/repos/sanskrit-lexicon/temp_corrections_acc/releases?per_page=100&page=1"": net/http: TLS handshake timeout"
temp_corrections_ae,true,main,none,,yes,yes,no,no,no,1,yes,yes,no,0,,5,no-license|missing-citation|missing-issue-template|missing-pr-template|missing-codeql|no-releases,2026-08-05T08:07:43+00:00,
temp_corrections_ap90,false,main,none,,yes,yes,no,no,no,1,yes,yes,no,0,,5,no-license|missing-citation|missing-issue-template|missing-pr-template|missing-codeql|no-releases,2026-08-05T08:07:43+00:00,
temp_corrections_mw,false,main,none,,yes,yes,no,no,no,1,yes,yes,no,0,,5,no-license|missing-citation|missing-issue-template|missing-pr-template|missing-codeql|no-releases,2026-08-05T08:07:43+00:00,
test_cologne_push,true,main,none,,yes,yes,no,no,no,1,yes,yes,no,0,,5,no-license|missing-citation|missing-issue-template|missing-pr-template|missing-codeql|no-releases,2026-08-05T08:07:43+00:00,
COLOGNE,false,main,recognised,GPL-3.0,yes,unknown,unknown,unknown,unknown,unknown,unknown,unknown,unknown,unknown,unknown,3,readme-unknown|citation-unknown|issue-template-unknown|pr-template-unknown|workflows-unknown|dependabot-unknown|codeql-unknown|releases-unknown,2026-08-05T08:07:43+00:00,"tree: Get ""https://api.github.com/repos/sanskrit-lexicon/COLOGNE/git/trees/main?recursive=1"": net/http: TLS handshake timeout"
csl-sqlite,false,main,recognised,GPL-3.0,yes,unknown,unknown,unknown,unknown,unknown,unknown,unknown,unknown,unknown,unknown,3,readme-unknown|citation-unknown|issue-template-unknown|pr-template-unknown|workflows-unknown|dependabot-unknown|codeql-unknown|releases-unknown,2026-08-05T08:07:43+00:00,"tree: Get ""https://api.github.com/repos/sanskrit-lexicon/csl-sqlite/git/trees/main?recursive=1"": net/http: TLS handshake timeout"
csl-websanlexicon,false,main,recognised,GPL-3.0,yes,unknown,unknown,unknown,unknown,unknown,unknown,unknown,unknown,unknown,unknown,3,readme-unknown|citation-unknown|issue-template-unknown|pr-template-unknown|workflows-unknown|dependabot-unknown|codeql-unknown|releases-unknown,2026-08-05T08:07:43+00:00,"tree: Get ""https://api.github.com/repos/sanskrit-lexicon/csl-websanlexicon/git/trees/main?recursive=1"": net/http: TLS handshake timeout"
literarysource,false,main,recognised,CC-BY-SA-4.0,yes,unknown,unknown,unknown,unknown,unknown,unknown,unknown,unknown,unknown,unknown,3,readme-unknown|citation-unknown|issue-template-unknown|pr-template-unknown|workflows-unknown|dependabot-unknown|codeql-unknown|releases-unknown,2026-08-05T08:07:43+00:00,"tree: Get ""https://api.github.com/repos/sanskrit-lexicon/literarysource/git/trees/main?recursive=1"": net/http: TLS handshake timeout"
santamlegacy,true,main,none,,yes,unknown,unknown,unknown,unknown,unknown,unknown,unknown,unknown,unknown,unknown,2,no-license|readme-unknown|citation-unknown|issue-template-unknown|pr-template-unknown|workflows-unknown|dependabot-unknown|codeql-unknown|releases-unknown,2026-08-05T08:07:43+00:00,"tree: Get ""https://api.github.com/repos/sanskrit-lexicon/santamlegacy/git/trees/main?recursive=1"": net/http: TLS handshake timeout"
